F0,F1,F2,F3,F4,F5,F6,F7,F8,F9,F10,F11,F12,F13,F14,F15,F16,F17,F18,F19,F20,F21,F22,F23,F24,F25,F26,F27,F28,F29,F30,F31,F32,F33,F34,F35,F36,F37,F38,F39,F40,F41,F42,F43,F44,F45,F46,F47,F48,F49,F50,F51,F52,F53,F54,F55,F56,F57,F58,F59,F60,F61,F62,F63,F64,F65,F66,F67,F68,F69,F70,F71,F72,F73,F74,F75,F76,F77,F78,F79,F80,F81,F82,F83,F84,F85,F86,F87,F88,F89,F90,F91,F92,F93,F94,F95,F96,F97,F98,F99,Class 
132 , 133 , 127 , 124 , 135 , 125 , 123 , 117 , 114 , 101 , 145 , 140 , 123 , 128 , 121 , 131 , 122 , 121 , 121 , 112 , 145 , 142 , 109 , 98 , 122 , 138 , 137 , 130 , 120 , 101 , 147 , 143 , 119 , 123 , 139 , 150 , 147 , 134 , 129 , 128 , 144 , 128 , 120 , 148 , 111 , 148 , 117 , 124 , 97 , 109 , 148 , 147 , 132 , 117 , 96 , 86 , 109 , 103 , 121 , 86 , 146 , 153 , 146 , 155 , 112 , 122 , 146 , 126 , 98 , 127 , 148 , 149 , 155 , 137 , 112 , 119 , 92 , 119 , 135 , 143 , 164 , 155 , 165 , 164 , 150 , 139 , 155 , 162 , 159 , 157 , 172 , 170 , 166 , 168 , 169 , 170 , 167 , 168 , 164 , 173 , 1 
255 , 255 , 255 , 254 , 106 , 99 , 225 , 210 , 33 , 83 , 255 , 255 , 255 , 255 , 70 , 204 , 194 , 109 , 56 , 42 , 255 , 255 , 255 , 255 , 168 , 70 , 176 , 184 , 200 , 45 , 254 , 255 , 255 , 255 , 159 , 34 , 207 , 179 , 150 , 53 , 255 , 255 , 255 , 255 , 255 , 55 , 122 , 90 , 160 , 28 , 255 , 255 , 255 , 255 , 255 , 51 , 28 , 88 , 84 , 39 , 254 , 255 , 255 , 254 , 255 , 178 , 226 , 86 , 69 , 94 , 255 , 255 , 255 , 255 , 255 , 218 , 209 , 199 , 78 , 49 , 255 , 255 , 255 , 255 , 248 , 201 , 192 , 141 , 159 , 77 , 246 , 255 , 255 , 255 , 216 , 134 , 189 , 150 , 161 , 115 , 0 
255 , 255 , 255 , 255 , 255 , 255 , 255 , 255 , 255 , 255 , 255 , 255 , 255 , 255 , 255 , 151 , 22 , 255 , 255 , 255 , 255 , 255 , 255 , 182 , 101 , 63 , 72 , 60 , 166 , 255 , 255 , 255 , 77 , 101 , 48 , 42 , 71 , 63 , 112 , 254 , 255 , 138 , 131 , 113 , 55 , 68 , 103 , 151 , 67 , 120 , 244 , 115 , 83 , 81 , 36 , 82 , 140 , 48 , 96 , 66 , 110 , 41 , 19 , 108 , 76 , 6 , 49 , 65 , 21 , 255 , 164 , 64 , 51 , 39 , 49 , 28 , 55 , 101 , 165 , 223 , 255 , 75 , 130 , 85 , 23 , 40 , 141 , 188 , 230 , 248 , 255 , 200 , 91 , 77 , 137 , 182 , 222 , 243 , 251 , 253 , 0 
154 , 155 , 160 , 123 , 231 , 230 , 231 , 231 , 231 , 230 , 160 , 163 , 93 , 229 , 230 , 230 , 230 , 231 , 230 , 231 , 111 , 152 , 149 , 230 , 230 , 231 , 230 , 230 , 229 , 153 , 230 , 149 , 149 , 142 , 231 , 229 , 124 , 162 , 162 , 171 , 229 , 119 , 146 , 151 , 147 , 143 , 150 , 155 , 152 , 158 , 230 , 230 , 115 , 142 , 139 , 156 , 153 , 154 , 152 , 142 , 230 , 229 , 229 , 127 , 143 , 144 , 133 , 111 , 34 , 230 , 230 , 229 , 229 , 229 , 236 , 230 , 229 , 229 , 230 , 230 , 230 , 228 , 230 , 230 , 229 , 229 , 230 , 229 , 229 , 230 , 229 , 229 , 228 , 228 , 230 , 228 , 229 , 229 , 229 , 230 , 0 
94 , 111 , 117 , 108 , 89 , 4 , 106 , 111 , 121 , 106 , 89 , 115 , 117 , 115 , 101 , 4 , 109 , 126 , 126 , 108 , 70 , 102 , 122 , 123 , 104 , 3 , 114 , 124 , 127 , 102 , 46 , 81 , 99 , 113 , 112 , 6 , 120 , 127 , 111 , 82 , 1 , 73 , 107 , 114 , 92 , 2 , 101 , 99 , 101 , 69 , 6 , 62 , 97 , 111 , 64 , 7 , 68 , 107 , 81 , 76 , 8 , 90 , 56 , 66 , 57 , 6 , 63 , 57 , 59 , 72 , 4 , 92 , 78 , 46 , 45 , 4 , 67 , 67 , 76 , 98 , 5 , 110 , 70 , 43 , 12 , 4 , 96 , 43 , 74 , 74 , 191 , 203 , 111 , 100 , 3 , 4 , 98 , 102 , 101 , 103 , 0 
191 , 191 , 190 , 190 , 190 , 190 , 190 , 190 , 191 , 191 , 191 , 191 , 191 , 191 , 190 , 197 , 186 , 191 , 191 , 191 , 191 , 191 , 128 , 152 , 149 , 185 , 180 , 162 , 191 , 191 , 191 , 191 , 189 , 84 , 167 , 162 , 202 , 198 , 192 , 191 , 191 , 191 , 191 , 119 , 170 , 211 , 158 , 228 , 191 , 191 , 191 , 191 , 191 , 111 , 210 , 212 , 146 , 128 , 70 , 103 , 191 , 57 , 191 , 143 , 183 , 162 , 238 , 194 , 191 , 191 , 191 , 191 , 192 , 196 , 215 , 205 , 133 , 191 , 191 , 191 , 191 , 191 , 191 , 188 , 170 , 138 , 191 , 190 , 191 , 191 , 191 , 191 , 191 , 191 , 164 , 191 , 191 , 191 , 191 , 191 , 0 
255 , 255 , 255 , 255 , 255 , 255 , 255 , 255 , 255 , 255 , 255 , 255 , 175 , 235 , 235 , 173 , 255 , 255 , 255 , 255 , 255 , 162 , 218 , 192 , 67 , 200 , 205 , 255 , 255 , 255 , 195 , 172 , 97 , 67 , 70 , 68 , 93 , 101 , 255 , 255 , 182 , 231 , 166 , 182 , 110 , 133 , 130 , 135 , 165 , 255 , 82 , 134 , 150 , 131 , 218 , 98 , 14 , 37 , 21 , 229 , 152 , 209 , 104 , 49 , 98 , 104 , 24 , 52 , 71 , 113 , 111 , 100 , 70 , 21 , 75 , 26 , 77 , 136 , 24 , 10 , 255 , 4 , 0 , 16 , 0 , 1 , 1 , 0 , 8 , 32 , 255 , 255 , 255 , 255 , 255 , 255 , 255 , 255 , 255 , 255 , 0 
98 , 113 , 124 , 138 , 136 , 153 , 139 , 135 , 121 , 32 , 110 , 123 , 122 , 148 , 155 , 142 , 152 , 132 , 141 , 30 , 122 , 137 , 151 , 150 , 164 , 163 , 161 , 155 , 151 , 88 , 141 , 157 , 179 , 188 , 162 , 160 , 166 , 171 , 152 , 32 , 152 , 157 , 171 , 179 , 174 , 175 , 180 , 184 , 62 , 44 , 168 , 175 , 184 , 184 , 149 , 188 , 174 , 182 , 120 , 168 , 165 , 164 , 190 , 203 , 198 , 209 , 186 , 201 , 39 , 81 , 190 , 188 , 191 , 191 , 207 , 207 , 207 , 107 , 38 , 51 , 176 , 178 , 175 , 185 , 207 , 209 , 214 , 33 , 59 , 44 , 178 , 153 , 165 , 181 , 198 , 216 , 200 , 85 , 148 , 56 , 1 
53 , 71 , 204 , 148 , 88 , 73 , 55 , 32 , 35 , 17 , 60 , 96 , 179 , 96 , 79 , 76 , 56 , 47 , 28 , 17 , 53 , 83 , 120 , 90 , 109 , 55 , 76 , 42 , 22 , 19 , 80 , 108 , 63 , 138 , 130 , 157 , 132 , 27 , 22 , 10 , 74 , 85 , 136 , 63 , 38 , 135 , 152 , 92 , 25 , 19 , 53 , 86 , 97 , 159 , 74 , 55 , 115 , 54 , 66 , 17 , 95 , 118 , 117 , 139 , 164 , 71 , 46 , 34 , 15 , 15 , 64 , 56 , 96 , 68 , 120 , 69 , 94 , 31 , 24 , 11 , 92 , 125 , 146 , 114 , 103 , 69 , 76 , 55 , 37 , 5 , 106 , 135 , 113 , 179 , 130 , 74 , 49 , 39 , 63 , 6 , 0 
255 , 255 , 255 , 255 , 255 , 255 , 255 , 255 , 255 , 255 , 255 , 255 , 255 , 254 , 255 , 255 , 255 , 255 , 255 , 255 , 255 , 204 , 232 , 224 , 233 , 226 , 255 , 255 , 255 , 255 , 255 , 91 , 225 , 202 , 215 , 220 , 255 , 255 , 255 , 255 , 255 , 211 , 211 , 189 , 223 , 226 , 255 , 158 , 252 , 255 , 255 , 197 , 172 , 236 , 220 , 226 , 254 , 255 , 255 , 255 , 255 , 183 , 181 , 205 , 217 , 202 , 255 , 255 , 255 , 255 , 255 , 255 , 118 , 137 , 83 , 189 , 255 , 255 , 255 , 255 , 255 , 255 , 255 , 255 , 255 , 254 , 255 , 255 , 255 , 255 , 255 , 254 , 255 , 246 , 255 , 255 , 255 , 255 , 255 , 255 , 0 
255 , 255 , 255 , 255 , 255 , 255 , 255 , 255 , 255 , 255 , 255 , 255 , 247 , 184 , 255 , 255 , 255 , 255 , 255 , 255 , 255 , 255 , 151 , 183 , 255 , 255 , 255 , 255 , 255 , 255 , 255 , 255 , 254 , 137 , 212 , 255 , 255 , 255 , 255 , 255 , 255 , 253 , 255 , 255 , 64 , 191 , 255 , 255 , 255 , 255 , 255 , 255 , 255 , 255 , 255 , 66 , 139 , 255 , 255 , 255 , 255 , 255 , 255 , 255 , 255 , 255 , 200 , 134 , 255 , 255 , 255 , 255 , 255 , 255 , 255 , 255 , 255 , 127 , 107 , 255 , 255 , 255 , 255 , 255 , 255 , 255 , 255 , 123 , 180 , 255 , 255 , 255 , 255 , 255 , 255 , 255 , 255 , 255 , 181 , 255 , 0 
249 , 250 , 251 , 178 , 140 , 207 , 208 , 246 , 245 , 239 , 247 , 248 , 205 , 95 , 194 , 162 , 190 , 216 , 170 , 145 , 242 , 234 , 192 , 165 , 149 , 123 , 71 , 82 , 128 , 124 , 234 , 214 , 107 , 45 , 193 , 166 , 185 , 1 , 113 , 132 , 228 , 224 , 213 , 13 , 5 , 32 , 165 , 29 , 102 , 94 , 218 , 210 , 197 , 179 , 177 , 201 , 161 , 41 , 51 , 42 , 170 , 76 , 96 , 156 , 142 , 187 , 176 , 94 , 77 , 114 , 94 , 112 , 29 , 9 , 160 , 127 , 205 , 112 , 109 , 102 , 137 , 5 , 159 , 118 , 101 , 120 , 86 , 184 , 252 , 40 , 100 , 90 , 101 , 89 , 39 , 112 , 81 , 66 , 41 , 56 , 0 
130 , 131 , 110 , 170 , 173 , 187 , 169 , 172 , 144 , 115 , 103 , 89 , 103 , 125 , 134 , 150 , 144 , 117 , 84 , 69 , 90 , 102 , 108 , 143 , 156 , 170 , 186 , 191 , 162 , 110 , 83 , 114 , 111 , 140 , 153 , 158 , 186 , 184 , 164 , 87 , 52 , 83 , 120 , 127 , 111 , 143 , 175 , 184 , 178 , 105 , 65 , 133 , 149 , 144 , 158 , 170 , 176 , 184 , 175 , 143 , 69 , 96 , 161 , 173 , 161 , 154 , 135 , 138 , 122 , 148 , 109 , 99 , 113 , 136 , 73 , 168 , 205 , 225 , 195 , 143 , 62 , 108 , 44 , 39 , 116 , 203 , 242 , 214 , 198 , 167 , 43 , 64 , 50 , 39 , 121 , 193 , 193 , 214 , 202 , 182 , 1 
177 , 177 , 164 , 165 , 254 , 101 , 213 , 178 , 156 , 254 , 254 , 170 , 157 , 170 , 253 , 92 , 213 , 183 , 163 , 253 , 254 , 198 , 186 , 165 , 254 , 134 , 216 , 199 , 168 , 253 , 254 , 215 , 173 , 163 , 254 , 121 , 204 , 208 , 163 , 254 , 254 , 196 , 161 , 160 , 253 , 230 , 188 , 193 , 165 , 253 , 254 , 186 , 181 , 151 , 254 , 254 , 205 , 222 , 198 , 253 , 254 , 205 , 191 , 171 , 254 , 254 , 217 , 230 , 194 , 253 , 254 , 224 , 202 , 181 , 254 , 254 , 218 , 228 , 213 , 253 , 254 , 225 , 212 , 187 , 254 , 254 , 222 , 221 , 174 , 253 , 254 , 201 , 204 , 171 , 253 , 253 , 198 , 197 , 190 , 254 , 1 
226 , 228 , 229 , 231 , 232 , 231 , 229 , 223 , 218 , 201 , 236 , 237 , 239 , 241 , 137 , 205 , 182 , 107 , 85 , 216 , 242 , 244 , 246 , 246 , 231 , 170 , 150 , 96 , 73 , 212 , 247 , 243 , 249 , 187 , 190 , 176 , 115 , 80 , 91 , 138 , 246 , 251 , 181 , 248 , 50 , 193 , 113 , 135 , 61 , 137 , 251 , 225 , 191 , 251 , 222 , 208 , 176 , 63 , 68 , 128 , 222 , 211 , 233 , 187 , 210 , 183 , 166 , 70 , 74 , 164 , 203 , 213 , 200 , 210 , 208 , 159 , 168 , 107 , 86 , 80 , 207 , 156 , 128 , 172 , 140 , 169 , 155 , 180 , 95 , 182 , 60 , 53 , 53 , 53 , 53 , 44 , 53 , 53 , 53 , 53 , 0 
255 , 255 , 255 , 254 , 255 , 255 , 255 , 255 , 255 , 255 , 255 , 255 , 255 , 255 , 255 , 255 , 255 , 255 , 255 , 255 , 255 , 255 , 255 , 255 , 255 , 255 , 255 , 255 , 255 , 255 , 255 , 255 , 255 , 160 , 255 , 255 , 255 , 255 , 255 , 255 , 255 , 255 , 176 , 99 , 242 , 243 , 243 , 243 , 255 , 255 , 255 , 255 , 183 , 65 , 246 , 246 , 247 , 246 , 255 , 255 , 255 , 254 , 183 , 41 , 247 , 182 , 214 , 247 , 255 , 255 , 255 , 255 , 183 , 215 , 246 , 247 , 247 , 246 , 255 , 255 , 254 , 255 , 183 , 207 , 229 , 228 , 220 , 219 , 255 , 255 , 255 , 255 , 253 , 255 , 255 , 255 , 255 , 255 , 255 , 255 , 0 
82 , 80 , 78 , 89 , 98 , 100 , 108 , 69 , 85 , 167 , 72 , 65 , 64 , 84 , 42 , 117 , 55 , 158 , 100 , 95 , 57 , 63 , 82 , 95 , 118 , 94 , 25 , 52 , 74 , 73 , 60 , 29 , 27 , 35 , 33 , 31 , 63 , 107 , 91 , 178 , 62 , 66 , 43 , 55 , 59 , 56 , 57 , 65 , 90 , 116 , 63 , 69 , 71 , 51 , 55 , 58 , 53 , 53 , 116 , 111 , 64 , 63 , 57 , 50 , 51 , 84 , 39 , 88 , 118 , 160 , 24 , 53 , 63 , 51 , 54 , 65 , 81 , 71 , 126 , 113 , 29 , 15 , 62 , 54 , 57 , 74 , 66 , 121 , 127 , 116 , 18 , 21 , 81 , 99 , 58 , 75 , 74 , 51 , 123 , 162 , 1 
42 , 162 , 180 , 172 , 158 , 153 , 142 , 125 , 125 , 90 , 32 , 168 , 178 , 172 , 143 , 125 , 128 , 127 , 113 , 84 , 30 , 166 , 178 , 157 , 158 , 164 , 124 , 121 , 117 , 86 , 29 , 157 , 171 , 191 , 130 , 150 , 111 , 106 , 123 , 85 , 30 , 149 , 167 , 181 , 120 , 154 , 113 , 120 , 101 , 83 , 30 , 111 , 160 , 154 , 155 , 145 , 103 , 121 , 84 , 66 , 32 , 61 , 88 , 91 , 142 , 130 , 112 , 102 , 83 , 32 , 34 , 58 , 48 , 47 , 79 , 132 , 119 , 113 , 55 , 35 , 33 , 146 , 161 , 168 , 152 , 125 , 111 , 106 , 40 , 73 , 32 , 44 , 150 , 154 , 130 , 121 , 131 , 111 , 40 , 70 , 1 
183 , 198 , 159 , 194 , 185 , 186 , 185 , 197 , 175 , 144 , 204 , 200 , 196 , 204 , 193 , 200 , 204 , 190 , 177 , 186 , 207 , 192 , 191 , 198 , 194 , 192 , 180 , 187 , 186 , 194 , 205 , 210 , 190 , 190 , 207 , 194 , 186 , 215 , 199 , 196 , 209 , 229 , 216 , 165 , 157 , 151 , 180 , 202 , 193 , 206 , 217 , 219 , 191 , 179 , 158 , 173 , 203 , 211 , 212 , 203 , 201 , 226 , 212 , 168 , 175 , 174 , 207 , 220 , 206 , 219 , 212 , 224 , 222 , 223 , 205 , 221 , 200 , 234 , 224 , 218 , 226 , 226 , 215 , 222 , 210 , 214 , 240 , 225 , 230 , 212 , 222 , 224 , 242 , 229 , 214 , 216 , 232 , 233 , 226 , 233 , 1 
39 , 147 , 213 , 249 , 248 , 235 , 244 , 120 , 0 , 253 , 42 , 40 , 239 , 250 , 251 , 249 , 176 , 212 , 1 , 229 , 48 , 162 , 153 , 162 , 229 , 244 , 214 , 230 , 0 , 6 , 53 , 136 , 229 , 247 , 234 , 250 , 210 , 204 , 98 , 244 , 141 , 18 , 188 , 205 , 218 , 139 , 168 , 156 , 69 , 248 , 160 , 215 , 219 , 160 , 220 , 208 , 130 , 4 , 53 , 133 , 236 , 214 , 247 , 253 , 247 , 228 , 82 , 0 , 26 , 73 , 185 , 205 , 221 , 245 , 226 , 194 , 132 , 0 , 48 , 39 , 139 , 209 , 204 , 220 , 209 , 181 , 123 , 114 , 28 , 5 , 114 , 197 , 233 , 201 , 177 , 153 , 101 , 109 , 149 , 0 , 0 
145 , 143 , 168 , 159 , 160 , 162 , 175 , 189 , 194 , 186 , 129 , 140 , 156 , 151 , 148 , 157 , 153 , 159 , 165 , 177 , 100 , 86 , 121 , 98 , 118 , 119 , 134 , 148 , 157 , 174 , 217 , 81 , 102 , 82 , 92 , 99 , 99 , 137 , 149 , 216 , 211 , 130 , 109 , 107 , 124 , 90 , 106 , 98 , 130 , 223 , 203 , 94 , 87 , 96 , 102 , 80 , 91 , 82 , 131 , 218 , 197 , 104 , 65 , 95 , 98 , 114 , 125 , 131 , 161 , 212 , 191 , 190 , 98 , 71 , 156 , 105 , 131 , 161 , 152 , 206 , 184 , 181 , 69 , 87 , 130 , 95 , 185 , 131 , 129 , 155 , 170 , 172 , 168 , 98 , 125 , 114 , 166 , 147 , 152 , 188 , 1 
202 , 192 , 194 , 48 , 77 , 81 , 72 , 46 , 43 , 26 , 205 , 187 , 199 , 169 , 76 , 90 , 69 , 77 , 70 , 38 , 207 , 92 , 199 , 214 , 149 , 79 , 62 , 211 , 107 , 40 , 210 , 216 , 130 , 194 , 208 , 171 , 43 , 182 , 159 , 62 , 212 , 203 , 42 , 85 , 190 , 209 , 172 , 175 , 97 , 4 , 214 , 185 , 199 , 87 , 159 , 183 , 195 , 151 , 64 , 172 , 216 , 211 , 204 , 187 , 78 , 188 , 210 , 104 , 49 , 174 , 219 , 126 , 202 , 213 , 219 , 188 , 200 , 161 , 27 , 176 , 220 , 212 , 207 , 52 , 100 , 114 , 167 , 67 , 21 , 178 , 223 , 216 , 209 , 74 , 68 , 31 , 93 , 15 , 16 , 179 , 0 
193 , 182 , 234 , 171 , 208 , 233 , 211 , 189 , 175 , 179 , 193 , 201 , 224 , 204 , 212 , 236 , 199 , 188 , 178 , 174 , 193 , 226 , 239 , 210 , 223 , 221 , 192 , 181 , 187 , 177 , 193 , 221 , 217 , 200 , 211 , 212 , 189 , 195 , 197 , 167 , 193 , 214 , 209 , 202 , 204 , 197 , 188 , 199 , 185 , 179 , 193 , 134 , 199 , 219 , 200 , 198 , 194 , 192 , 182 , 162 , 193 , 194 , 218 , 217 , 214 , 204 , 201 , 191 , 196 , 154 , 192 , 193 , 152 , 138 , 209 , 202 , 198 , 190 , 172 , 135 , 192 , 192 , 155 , 194 , 214 , 204 , 194 , 183 , 152 , 93 , 191 , 192 , 155 , 190 , 210 , 206 , 186 , 166 , 103 , 120 , 0 
210 , 192 , 181 , 197 , 212 , 183 , 200 , 196 , 187 , 180 , 185 , 197 , 197 , 201 , 213 , 209 , 173 , 191 , 163 , 165 , 183 , 199 , 195 , 189 , 217 , 204 , 187 , 167 , 170 , 171 , 174 , 172 , 181 , 161 , 183 , 184 , 121 , 6 , 159 , 149 , 164 , 167 , 172 , 169 , 159 , 168 , 154 , 151 , 141 , 142 , 143 , 149 , 179 , 75 , 154 , 164 , 172 , 134 , 137 , 134 , 130 , 132 , 150 , 158 , 182 , 160 , 144 , 140 , 116 , 105 , 129 , 127 , 120 , 173 , 144 , 161 , 165 , 114 , 116 , 88 , 97 , 112 , 123 , 126 , 127 , 135 , 118 , 107 , 102 , 82 , 70 , 101 , 104 , 126 , 141 , 110 , 107 , 97 , 90 , 81 , 1 
255 , 255 , 195 , 195 , 202 , 165 , 154 , 188 , 186 , 185 , 54 , 36 , 154 , 160 , 180 , 164 , 153 , 184 , 183 , 240 , 212 , 31 , 151 , 152 , 166 , 149 , 213 , 239 , 229 , 228 , 207 , 89 , 159 , 129 , 107 , 164 , 211 , 229 , 254 , 216 , 191 , 189 , 186 , 163 , 159 , 111 , 200 , 221 , 210 , 211 , 168 , 148 , 179 , 187 , 154 , 169 , 188 , 210 , 202 , 202 , 142 , 160 , 179 , 119 , 104 , 159 , 182 , 201 , 196 , 195 , 192 , 145 , 177 , 149 , 168 , 62 , 176 , 187 , 186 , 187 , 139 , 111 , 165 , 143 , 132 , 46 , 186 , 202 , 134 , 139 , 121 , 120 , 162 , 130 , 138 , 128 , 150 , 173 , 156 , 161 , 1 
65 , 96 , 137 , 146 , 167 , 184 , 177 , 158 , 145 , 105 , 76 , 85 , 120 , 141 , 185 , 163 , 194 , 170 , 146 , 124 , 66 , 89 , 130 , 160 , 167 , 169 , 164 , 173 , 149 , 141 , 74 , 107 , 131 , 138 , 176 , 199 , 177 , 177 , 166 , 140 , 86 , 105 , 115 , 112 , 206 , 127 , 176 , 166 , 162 , 134 , 94 , 116 , 93 , 149 , 183 , 133 , 190 , 180 , 125 , 143 , 104 , 141 , 101 , 94 , 88 , 149 , 155 , 125 , 156 , 161 , 110 , 143 , 145 , 53 , 73 , 76 , 99 , 132 , 185 , 133 , 104 , 136 , 151 , 38 , 60 , 111 , 55 , 138 , 158 , 148 , 96 , 132 , 135 , 87 , 55 , 126 , 65 , 130 , 147 , 137 , 1 
255 , 255 , 255 , 255 , 255 , 65 , 255 , 255 , 255 , 255 , 255 , 255 , 255 , 255 , 255 , 169 , 255 , 255 , 255 , 255 , 255 , 255 , 255 , 128 , 52 , 175 , 254 , 255 , 255 , 255 , 255 , 255 , 255 , 110 , 37 , 38 , 252 , 255 , 255 , 255 , 255 , 255 , 255 , 115 , 32 , 44 , 255 , 255 , 255 , 255 , 255 , 255 , 255 , 255 , 34 , 40 , 186 , 255 , 255 , 255 , 255 , 255 , 255 , 255 , 46 , 21 , 206 , 255 , 255 , 255 , 255 , 255 , 255 , 255 , 42 , 31 , 246 , 255 , 255 , 255 , 91 , 255 , 255 , 255 , 38 , 27 , 255 , 255 , 255 , 255 , 65 , 65 , 255 , 255 , 137 , 134 , 255 , 255 , 255 , 255 , 0 
39 , 65 , 171 , 183 , 125 , 131 , 127 , 125 , 122 , 115 , 37 , 75 , 136 , 208 , 181 , 141 , 140 , 159 , 124 , 117 , 149 , 199 , 176 , 206 , 153 , 79 , 87 , 127 , 226 , 121 , 106 , 168 , 163 , 196 , 126 , 75 , 90 , 151 , 219 , 122 , 130 , 161 , 158 , 170 , 168 , 123 , 89 , 172 , 224 , 121 , 161 , 161 , 121 , 175 , 192 , 158 , 103 , 176 , 217 , 123 , 197 , 168 , 82 , 185 , 215 , 211 , 90 , 192 , 167 , 124 , 212 , 94 , 72 , 142 , 2 , 4 , 15 , 2 , 51 , 125 , 194 , 18 , 0 , 0 , 11 , 0 , 0 , 0 , 31 , 124 , 93 , 0 , 0 , 0 , 0 , 4 , 0 , 1 , 1 , 123 , 0 
155 , 172 , 182 , 190 , 190 , 189 , 190 , 187 , 191 , 181 , 163 , 167 , 201 , 215 , 208 , 185 , 181 , 182 , 181 , 189 , 172 , 186 , 192 , 194 , 205 , 201 , 204 , 183 , 180 , 192 , 159 , 184 , 198 , 202 , 201 , 201 , 198 , 210 , 196 , 200 , 176 , 176 , 187 , 195 , 174 , 156 , 190 , 202 , 195 , 172 , 160 , 154 , 186 , 212 , 203 , 139 , 211 , 189 , 198 , 196 , 169 , 156 , 188 , 192 , 206 , 213 , 226 , 223 , 219 , 221 , 165 , 165 , 157 , 153 , 197 , 158 , 205 , 215 , 217 , 213 , 163 , 160 , 168 , 72 , 99 , 142 , 202 , 210 , 207 , 204 , 160 , 156 , 146 , 139 , 101 , 135 , 199 , 199 , 194 , 193 , 1 
131 , 136 , 151 , 115 , 112 , 87 , 99 , 83 , 94 , 101 , 120 , 136 , 131 , 134 , 127 , 84 , 104 , 85 , 89 , 97 , 131 , 133 , 143 , 129 , 126 , 95 , 99 , 95 , 92 , 88 , 134 , 138 , 145 , 134 , 132 , 94 , 96 , 95 , 94 , 83 , 140 , 129 , 127 , 124 , 139 , 127 , 87 , 109 , 97 , 87 , 140 , 140 , 126 , 124 , 127 , 115 , 108 , 106 , 100 , 93 , 148 , 130 , 138 , 126 , 116 , 125 , 112 , 86 , 101 , 94 , 134 , 127 , 112 , 127 , 128 , 137 , 123 , 98 , 108 , 91 , 112 , 128 , 108 , 133 , 146 , 140 , 136 , 104 , 107 , 81 , 91 , 121 , 104 , 130 , 132 , 138 , 132 , 106 , 94 , 55 , 1 
153 , 96 , 54 , 43 , 27 , 64 , 41 , 25 , 27 , 93 , 132 , 50 , 90 , 61 , 129 , 43 , 76 , 24 , 74 , 21 , 89 , 19 , 56 , 77 , 157 , 155 , 125 , 25 , 19 , 71 , 26 , 23 , 57 , 69 , 106 , 141 , 210 , 63 , 18 , 82 , 14 , 24 , 116 , 207 , 186 , 211 , 208 , 142 , 15 , 76 , 7 , 64 , 236 , 217 , 215 , 217 , 191 , 134 , 16 , 55 , 75 , 37 , 156 , 177 , 197 , 226 , 187 , 108 , 22 , 62 , 146 , 129 , 160 , 148 , 142 , 153 , 126 , 70 , 19 , 37 , 81 , 78 , 109 , 147 , 109 , 103 , 77 , 31 , 12 , 59 , 138 , 117 , 49 , 79 , 103 , 115 , 92 , 108 , 105 , 98 , 1 
165 , 166 , 164 , 174 , 176 , 174 , 181 , 185 , 181 , 179 , 178 , 171 , 168 , 169 , 154 , 167 , 151 , 179 , 184 , 176 , 162 , 160 , 159 , 98 , 71 , 75 , 92 , 163 , 182 , 170 , 174 , 163 , 151 , 63 , 67 , 69 , 71 , 91 , 170 , 181 , 172 , 163 , 106 , 76 , 90 , 108 , 201 , 95 , 163 , 172 , 178 , 171 , 106 , 96 , 86 , 125 , 149 , 110 , 160 , 184 , 174 , 164 , 153 , 73 , 100 , 111 , 83 , 117 , 170 , 186 , 179 , 181 , 165 , 96 , 91 , 84 , 90 , 153 , 180 , 180 , 178 , 168 , 162 , 166 , 121 , 122 , 163 , 182 , 186 , 182 , 169 , 174 , 171 , 176 , 177 , 167 , 181 , 188 , 181 , 173 , 1 
185 , 187 , 196 , 195 , 192 , 195 , 189 , 180 , 179 , 153 , 178 , 193 , 178 , 199 , 199 , 200 , 193 , 176 , 165 , 148 , 186 , 191 , 204 , 198 , 196 , 189 , 190 , 177 , 165 , 140 , 186 , 194 , 194 , 198 , 182 , 168 , 169 , 175 , 162 , 140 , 193 , 185 , 202 , 201 , 161 , 139 , 143 , 166 , 159 , 141 , 177 , 187 , 196 , 199 , 168 , 139 , 141 , 167 , 157 , 141 , 179 , 186 , 189 , 193 , 176 , 162 , 166 , 161 , 153 , 129 , 176 , 179 , 186 , 189 , 188 , 182 , 171 , 164 , 150 , 124 , 169 , 177 , 182 , 181 , 174 , 178 , 166 , 159 , 141 , 110 , 159 , 169 , 176 , 179 , 176 , 171 , 163 , 152 , 139 , 105 , 1 
166 , 182 , 188 , 196 , 173 , 165 , 177 , 202 , 202 , 197 , 164 , 202 , 203 , 188 , 176 , 168 , 179 , 201 , 214 , 209 , 155 , 206 , 205 , 192 , 182 , 185 , 179 , 168 , 201 , 212 , 147 , 198 , 196 , 184 , 171 , 188 , 174 , 134 , 172 , 202 , 115 , 172 , 160 , 160 , 137 , 138 , 139 , 153 , 167 , 174 , 92 , 126 , 82 , 161 , 148 , 108 , 165 , 125 , 175 , 183 , 163 , 203 , 201 , 192 , 169 , 176 , 164 , 196 , 194 , 214 , 192 , 204 , 198 , 171 , 175 , 176 , 181 , 192 , 217 , 211 , 191 , 190 , 188 , 179 , 165 , 171 , 181 , 195 , 206 , 208 , 189 , 189 , 189 , 171 , 169 , 169 , 175 , 190 , 205 , 204 , 1 
124 , 139 , 160 , 166 , 168 , 173 , 171 , 160 , 149 , 137 , 128 , 139 , 164 , 171 , 173 , 182 , 177 , 161 , 148 , 128 , 105 , 152 , 169 , 170 , 175 , 180 , 172 , 157 , 136 , 109 , 112 , 148 , 163 , 171 , 174 , 177 , 164 , 139 , 126 , 97 , 121 , 138 , 158 , 168 , 170 , 169 , 159 , 140 , 111 , 75 , 114 , 136 , 153 , 160 , 165 , 163 , 147 , 128 , 101 , 68 , 103 , 117 , 145 , 157 , 160 , 151 , 139 , 120 , 93 , 64 , 110 , 118 , 135 , 148 , 148 , 141 , 134 , 114 , 102 , 64 , 87 , 102 , 125 , 134 , 142 , 132 , 124 , 118 , 98 , 71 , 65 , 75 , 106 , 126 , 128 , 130 , 129 , 91 , 84 , 166 , 1 
163 , 160 , 175 , 160 , 164 , 157 , 163 , 155 , 160 , 160 , 167 , 164 , 174 , 174 , 173 , 167 , 165 , 161 , 157 , 161 , 178 , 164 , 182 , 177 , 169 , 170 , 173 , 163 , 171 , 170 , 166 , 181 , 187 , 176 , 198 , 184 , 174 , 178 , 176 , 179 , 171 , 173 , 176 , 183 , 207 , 208 , 197 , 186 , 180 , 181 , 172 , 168 , 187 , 197 , 204 , 193 , 196 , 182 , 181 , 174 , 178 , 181 , 189 , 177 , 213 , 193 , 195 , 176 , 180 , 189 , 182 , 185 , 186 , 185 , 210 , 180 , 182 , 186 , 184 , 188 , 174 , 176 , 188 , 180 , 187 , 188 , 184 , 190 , 191 , 181 , 173 , 183 , 186 , 187 , 194 , 197 , 184 , 194 , 194 , 185 , 1 
133 , 92 , 29 , 71 , 38 , 220 , 220 , 222 , 129 , 155 , 116 , 120 , 131 , 86 , 52 , 25 , 24 , 215 , 209 , 123 , 118 , 127 , 101 , 204 , 210 , 59 , 20 , 20 , 205 , 148 , 121 , 146 , 149 , 116 , 183 , 204 , 85 , 102 , 88 , 171 , 142 , 152 , 164 , 152 , 144 , 148 , 130 , 128 , 125 , 109 , 158 , 151 , 165 , 166 , 156 , 149 , 151 , 131 , 131 , 130 , 166 , 159 , 180 , 161 , 175 , 168 , 153 , 146 , 131 , 152 , 164 , 167 , 159 , 161 , 166 , 158 , 149 , 149 , 162 , 156 , 160 , 167 , 163 , 172 , 159 , 172 , 170 , 176 , 167 , 168 , 149 , 162 , 147 , 168 , 170 , 185 , 184 , 176 , 171 , 155 , 1 
214 , 215 , 222 , 228 , 197 , 210 , 210 , 210 , 190 , 176 , 217 , 217 , 213 , 231 , 223 , 99 , 210 , 228 , 224 , 193 , 217 , 240 , 141 , 212 , 219 , 176 , 85 , 235 , 186 , 208 , 217 , 229 , 220 , 129 , 229 , 156 , 90 , 215 , 218 , 177 , 239 , 168 , 216 , 238 , 222 , 111 , 202 , 228 , 207 , 143 , 226 , 194 , 215 , 168 , 210 , 153 , 199 , 226 , 167 , 182 , 226 , 173 , 198 , 238 , 200 , 157 , 185 , 140 , 163 , 157 , 222 , 223 , 158 , 239 , 235 , 225 , 151 , 133 , 167 , 108 , 226 , 227 , 204 , 227 , 240 , 242 , 232 , 174 , 165 , 148 , 232 , 232 , 229 , 203 , 238 , 237 , 153 , 238 , 236 , 235 , 1 
145 , 142 , 142 , 142 , 127 , 55 , 0 , 3 , 92 , 124 , 175 , 174 , 164 , 161 , 158 , 150 , 169 , 169 , 169 , 158 , 201 , 197 , 191 , 185 , 154 , 174 , 179 , 185 , 197 , 186 , 219 , 200 , 203 , 199 , 208 , 187 , 194 , 172 , 197 , 197 , 211 , 220 , 219 , 194 , 212 , 199 , 185 , 189 , 186 , 190 , 209 , 207 , 218 , 212 , 202 , 210 , 210 , 201 , 190 , 188 , 201 , 200 , 207 , 183 , 172 , 193 , 209 , 204 , 183 , 209 , 163 , 171 , 180 , 179 , 190 , 188 , 195 , 175 , 201 , 195 , 122 , 125 , 134 , 151 , 165 , 158 , 154 , 176 , 186 , 185 , 5 , 27 , 5 , 4 , 92 , 99 , 117 , 168 , 178 , 187 , 1 
94 , 121 , 108 , 216 , 213 , 253 , 162 , 154 , 135 , 94 , 100 , 108 , 111 , 202 , 205 , 254 , 134 , 155 , 127 , 150 , 255 , 204 , 255 , 255 , 242 , 255 , 253 , 255 , 255 , 75 , 255 , 255 , 255 , 255 , 255 , 255 , 255 , 255 , 255 , 255 , 198 , 152 , 190 , 123 , 124 , 180 , 178 , 188 , 209 , 161 , 192 , 189 , 184 , 116 , 134 , 184 , 170 , 196 , 215 , 215 , 255 , 255 , 255 , 255 , 255 , 255 , 255 , 255 , 255 , 255 , 184 , 181 , 174 , 191 , 194 , 255 , 191 , 172 , 134 , 174 , 214 , 201 , 209 , 186 , 166 , 255 , 129 , 190 , 213 , 191 , 255 , 255 , 255 , 254 , 254 , 255 , 255 , 255 , 255 , 255 , 1 
56 , 95 , 134 , 152 , 177 , 162 , 173 , 161 , 132 , 95 , 67 , 120 , 155 , 165 , 177 , 170 , 178 , 176 , 165 , 106 , 79 , 120 , 171 , 181 , 183 , 176 , 180 , 196 , 175 , 138 , 91 , 145 , 184 , 188 , 177 , 204 , 200 , 199 , 184 , 151 , 96 , 151 , 183 , 187 , 178 , 196 , 203 , 203 , 187 , 151 , 93 , 151 , 179 , 188 , 186 , 177 , 194 , 198 , 190 , 145 , 85 , 134 , 174 , 184 , 173 , 202 , 193 , 196 , 184 , 134 , 72 , 107 , 164 , 165 , 188 , 187 , 187 , 186 , 159 , 112 , 60 , 93 , 141 , 152 , 166 , 175 , 179 , 173 , 125 , 82 , 40 , 71 , 110 , 142 , 140 , 161 , 160 , 141 , 98 , 57 , 1 
186 , 184 , 189 , 198 , 199 , 206 , 208 , 207 , 208 , 206 , 184 , 186 , 187 , 192 , 199 , 199 , 205 , 205 , 205 , 204 , 183 , 182 , 185 , 187 , 202 , 195 , 201 , 207 , 206 , 204 , 185 , 181 , 179 , 185 , 189 , 198 , 199 , 203 , 205 , 207 , 182 , 178 , 178 , 163 , 147 , 127 , 155 , 176 , 175 , 176 , 185 , 157 , 173 , 173 , 175 , 177 , 184 , 203 , 201 , 212 , 170 , 148 , 171 , 176 , 175 , 180 , 201 , 202 , 208 , 206 , 180 , 177 , 174 , 184 , 184 , 197 , 202 , 200 , 200 , 201 , 185 , 178 , 175 , 184 , 186 , 195 , 200 , 197 , 201 , 200 , 172 , 180 , 179 , 182 , 189 , 197 , 197 , 196 , 197 , 203 , 1 
137 , 172 , 120 , 191 , 176 , 161 , 73 , 209 , 215 , 195 , 115 , 116 , 162 , 193 , 190 , 141 , 59 , 175 , 200 , 186 , 17 , 197 , 185 , 187 , 185 , 139 , 60 , 90 , 192 , 186 , 75 , 214 , 192 , 208 , 207 , 177 , 84 , 72 , 149 , 157 , 205 , 188 , 183 , 202 , 203 , 206 , 156 , 64 , 142 , 80 , 199 , 187 , 178 , 179 , 198 , 205 , 177 , 115 , 100 , 126 , 179 , 203 , 185 , 171 , 189 , 165 , 196 , 169 , 71 , 124 , 200 , 214 , 195 , 173 , 170 , 148 , 172 , 152 , 83 , 103 , 209 , 213 , 195 , 178 , 168 , 111 , 131 , 156 , 99 , 78 , 193 , 199 , 201 , 180 , 148 , 64 , 103 , 155 , 129 , 159 , 1 
176 , 186 , 181 , 20 , 30 , 64 , 64 , 135 , 177 , 140 , 169 , 187 , 180 , 13 , 170 , 180 , 162 , 85 , 178 , 131 , 159 , 187 , 190 , 153 , 165 , 202 , 172 , 140 , 177 , 54 , 110 , 186 , 193 , 175 , 189 , 204 , 199 , 179 , 172 , 36 , 2 , 179 , 194 , 152 , 170 , 204 , 181 , 179 , 170 , 36 , 12 , 165 , 190 , 149 , 180 , 186 , 169 , 155 , 133 , 23 , 18 , 134 , 187 , 170 , 173 , 149 , 185 , 158 , 23 , 21 , 31 , 133 , 171 , 204 , 140 , 183 , 146 , 182 , 19 , 28 , 27 , 87 , 152 , 189 , 194 , 194 , 186 , 142 , 92 , 36 , 33 , 48 , 167 , 143 , 195 , 198 , 163 , 156 , 146 , 31 , 1 
166 , 162 , 168 , 164 , 157 , 146 , 137 , 134 , 114 , 104 , 178 , 184 , 169 , 173 , 155 , 157 , 142 , 136 , 117 , 99 , 177 , 183 , 181 , 169 , 162 , 154 , 134 , 127 , 119 , 95 , 196 , 165 , 195 , 170 , 160 , 162 , 155 , 131 , 120 , 106 , 179 , 191 , 206 , 169 , 156 , 152 , 155 , 130 , 118 , 111 , 189 , 201 , 181 , 165 , 137 , 103 , 116 , 129 , 117 , 100 , 174 , 174 , 178 , 170 , 156 , 101 , 109 , 127 , 112 , 90 , 194 , 204 , 173 , 180 , 155 , 151 , 134 , 124 , 112 , 90 , 177 , 171 , 161 , 169 , 155 , 143 , 134 , 122 , 104 , 88 , 166 , 175 , 160 , 150 , 152 , 147 , 132 , 115 , 103 , 83 , 1 
248 , 250 , 251 , 252 , 195 , 248 , 207 , 242 , 241 , 238 , 247 , 248 , 249 , 251 , 254 , 243 , 234 , 242 , 240 , 238 , 246 , 246 , 247 , 248 , 253 , 240 , 248 , 201 , 239 , 237 , 244 , 244 , 245 , 245 , 246 , 223 , 231 , 207 , 237 , 235 , 247 , 244 , 237 , 225 , 242 , 183 , 216 , 199 , 175 , 235 , 245 , 245 , 246 , 245 , 232 , 215 , 170 , 157 , 220 , 237 , 232 , 235 , 239 , 232 , 228 , 214 , 177 , 213 , 225 , 165 , 232 , 228 , 222 , 210 , 193 , 177 , 23 , 196 , 150 , 240 , 233 , 172 , 185 , 178 , 247 , 245 , 243 , 242 , 241 , 239 , 234 , 253 , 252 , 251 , 250 , 248 , 247 , 244 , 244 , 242 , 0 
156 , 158 , 157 , 159 , 159 , 157 , 159 , 161 , 153 , 157 , 151 , 159 , 157 , 158 , 156 , 158 , 164 , 160 , 147 , 158 , 158 , 149 , 157 , 163 , 162 , 158 , 162 , 128 , 154 , 155 , 163 , 118 , 123 , 160 , 165 , 160 , 154 , 137 , 156 , 156 , 162 , 110 , 126 , 161 , 158 , 164 , 158 , 152 , 148 , 157 , 156 , 153 , 117 , 160 , 166 , 142 , 164 , 156 , 154 , 156 , 158 , 156 , 96 , 162 , 159 , 112 , 159 , 158 , 148 , 148 , 159 , 155 , 157 , 161 , 164 , 149 , 159 , 153 , 154 , 150 , 163 , 157 , 167 , 165 , 167 , 157 , 155 , 153 , 148 , 148 , 160 , 163 , 162 , 162 , 150 , 160 , 155 , 150 , 151 , 143 , 1 
62 , 59 , 58 , 60 , 62 , 31 , 35 , 40 , 51 , 66 , 77 , 84 , 91 , 90 , 91 , 80 , 59 , 55 , 61 , 27 , 108 , 117 , 123 , 115 , 117 , 121 , 108 , 78 , 81 , 65 , 112 , 109 , 142 , 133 , 108 , 134 , 126 , 121 , 85 , 92 , 147 , 150 , 147 , 120 , 108 , 140 , 137 , 97 , 102 , 107 , 161 , 159 , 150 , 124 , 90 , 112 , 127 , 92 , 134 , 123 , 153 , 140 , 140 , 146 , 143 , 101 , 114 , 129 , 154 , 153 , 156 , 154 , 164 , 167 , 156 , 149 , 141 , 163 , 171 , 168 , 174 , 176 , 176 , 175 , 166 , 173 , 167 , 175 , 171 , 166 , 173 , 182 , 183 , 174 , 178 , 177 , 171 , 169 , 167 , 153 , 1 
255 , 255 , 255 , 223 , 255 , 255 , 255 , 255 , 255 , 255 , 255 , 255 , 173 , 164 , 169 , 179 , 201 , 255 , 255 , 255 , 255 , 230 , 253 , 113 , 115 , 98 , 147 , 195 , 208 , 255 , 255 , 136 , 176 , 103 , 75 , 240 , 173 , 174 , 179 , 181 , 250 , 158 , 134 , 79 , 158 , 158 , 153 , 145 , 149 , 153 , 255 , 164 , 125 , 115 , 146 , 140 , 132 , 127 , 124 , 128 , 255 , 253 , 163 , 250 , 138 , 133 , 138 , 127 , 124 , 128 , 255 , 255 , 180 , 94 , 103 , 127 , 124 , 136 , 143 , 154 , 255 , 255 , 255 , 255 , 255 , 131 , 117 , 137 , 153 , 155 , 255 , 255 , 255 , 255 , 255 , 255 , 255 , 253 , 103 , 122 , 1 
253 , 253 , 253 , 253 , 254 , 254 , 253 , 253 , 253 , 253 , 253 , 253 , 254 , 254 , 254 , 178 , 246 , 254 , 254 , 254 , 253 , 253 , 253 , 242 , 174 , 175 , 173 , 191 , 253 , 253 , 254 , 253 , 247 , 152 , 166 , 176 , 184 , 205 , 254 , 254 , 254 , 251 , 227 , 173 , 177 , 171 , 175 , 91 , 147 , 254 , 252 , 245 , 162 , 172 , 172 , 174 , 155 , 194 , 191 , 252 , 246 , 198 , 153 , 180 , 182 , 196 , 172 , 173 , 198 , 251 , 159 , 155 , 172 , 168 , 170 , 160 , 154 , 196 , 244 , 251 , 172 , 171 , 182 , 170 , 176 , 205 , 240 , 242 , 250 , 252 , 184 , 186 , 170 , 237 , 234 , 239 , 243 , 248 , 251 , 190 , 1 
208 , 216 , 199 , 194 , 114 , 60 , 76 , 176 , 168 , 157 , 208 , 206 , 201 , 133 , 224 , 187 , 104 , 46 , 164 , 149 , 210 , 207 , 204 , 205 , 206 , 202 , 117 , 4 , 148 , 140 , 209 , 207 , 223 , 213 , 216 , 188 , 69 , 21 , 158 , 140 , 208 , 207 , 153 , 133 , 141 , 225 , 151 , 77 , 157 , 134 , 205 , 203 , 150 , 191 , 220 , 216 , 122 , 60 , 109 , 124 , 202 , 205 , 215 , 114 , 224 , 221 , 81 , 108 , 73 , 102 , 196 , 218 , 222 , 146 , 224 , 170 , 30 , 138 , 98 , 87 , 190 , 209 , 213 , 127 , 200 , 45 , 102 , 154 , 143 , 70 , 185 , 180 , 159 , 177 , 129 , 6 , 155 , 179 , 103 , 75 , 0 
255 , 255 , 254 , 255 , 255 , 255 , 255 , 255 , 255 , 254 , 87 , 117 , 154 , 143 , 178 , 205 , 133 , 151 , 141 , 113 , 81 , 73 , 103 , 138 , 106 , 135 , 135 , 70 , 74 , 87 , 72 , 38 , 96 , 95 , 100 , 107 , 104 , 102 , 54 , 80 , 73 , 77 , 87 , 101 , 112 , 124 , 88 , 121 , 51 , 95 , 83 , 109 , 102 , 109 , 122 , 97 , 73 , 149 , 64 , 95 , 76 , 93 , 134 , 97 , 65 , 137 , 149 , 175 , 94 , 122 , 114 , 48 , 161 , 129 , 145 , 167 , 137 , 83 , 98 , 102 , 121 , 108 , 135 , 208 , 140 , 126 , 113 , 106 , 110 , 133 , 114 , 83 , 114 , 77 , 100 , 119 , 131 , 123 , 157 , 79 , 1 
30 , 30 , 35 , 34 , 33 , 35 , 37 , 35 , 35 , 32 , 31 , 28 , 29 , 37 , 32 , 32 , 59 , 55 , 59 , 34 , 30 , 28 , 32 , 33 , 35 , 60 , 40 , 33 , 32 , 31 , 32 , 32 , 31 , 36 , 49 , 68 , 66 , 56 , 42 , 35 , 29 , 29 , 67 , 11 , 10 , 36 , 80 , 107 , 65 , 43 , 50 , 70 , 143 , 105 , 176 , 6 , 36 , 55 , 67 , 30 , 50 , 109 , 34 , 39 , 68 , 10 , 9 , 14 , 131 , 119 , 16 , 32 , 56 , 98 , 135 , 80 , 66 , 49 , 29 , 47 , 6 , 6 , 7 , 11 , 28 , 30 , 17 , 10 , 12 , 33 , 2 , 4 , 4 , 4 , 15 , 25 , 14 , 12 , 16 , 22 , 0 
255 , 255 , 255 , 255 , 255 , 210 , 255 , 254 , 255 , 255 , 255 , 255 , 254 , 254 , 79 , 192 , 254 , 254 , 254 , 254 , 255 , 255 , 255 , 255 , 141 , 190 , 255 , 255 , 255 , 255 , 254 , 255 , 254 , 117 , 88 , 67 , 156 , 255 , 255 , 255 , 255 , 255 , 145 , 255 , 57 , 69 , 255 , 148 , 255 , 255 , 255 , 255 , 245 , 254 , 67 , 84 , 253 , 254 , 255 , 255 , 255 , 255 , 254 , 255 , 53 , 62 , 255 , 255 , 255 , 255 , 255 , 255 , 255 , 254 , 180 , 70 , 255 , 254 , 254 , 255 , 254 , 255 , 255 , 255 , 182 , 66 , 255 , 255 , 255 , 255 , 255 , 255 , 255 , 255 , 155 , 118 , 255 , 255 , 254 , 255 , 0 
142 , 149 , 149 , 145 , 154 , 161 , 161 , 177 , 178 , 172 , 143 , 143 , 149 , 154 , 163 , 146 , 166 , 172 , 178 , 175 , 142 , 131 , 138 , 154 , 152 , 172 , 170 , 163 , 169 , 100 , 143 , 130 , 141 , 157 , 159 , 177 , 182 , 155 , 167 , 171 , 117 , 122 , 139 , 134 , 136 , 155 , 156 , 161 , 164 , 171 , 117 , 120 , 124 , 148 , 157 , 153 , 147 , 130 , 63 , 39 , 121 , 121 , 148 , 152 , 168 , 158 , 155 , 145 , 21 , 19 , 123 , 136 , 154 , 155 , 173 , 176 , 151 , 157 , 90 , 32 , 129 , 134 , 145 , 149 , 149 , 168 , 154 , 151 , 149 , 44 , 127 , 131 , 157 , 151 , 139 , 126 , 153 , 145 , 145 , 99 , 1 
3 , 60 , 101 , 126 , 163 , 157 , 158 , 189 , 128 , 11 , 5 , 54 , 96 , 114 , 76 , 74 , 119 , 171 , 82 , 14 , 255 , 39 , 85 , 43 , 133 , 136 , 87 , 153 , 11 , 22 , 6 , 56 , 130 , 83 , 160 , 156 , 112 , 125 , 9 , 6 , 6 , 29 , 113 , 110 , 163 , 164 , 105 , 92 , 8 , 7 , 6 , 7 , 95 , 92 , 185 , 194 , 123 , 11 , 8 , 9 , 5 , 7 , 87 , 20 , 180 , 149 , 119 , 8 , 7 , 7 , 5 , 6 , 5 , 119 , 130 , 136 , 61 , 7 , 6 , 6 , 4 , 6 , 7 , 55 , 105 , 71 , 8 , 6 , 5 , 5 , 4 , 5 , 6 , 7 , 101 , 86 , 6 , 6 , 6 , 4 , 1 
240 , 240 , 222 , 238 , 225 , 215 , 229 , 213 , 162 , 129 , 244 , 229 , 220 , 234 , 216 , 202 , 227 , 214 , 170 , 140 , 238 , 220 , 218 , 224 , 204 , 184 , 184 , 189 , 173 , 139 , 203 , 200 , 197 , 194 , 195 , 197 , 193 , 186 , 166 , 148 , 226 , 222 , 220 , 216 , 207 , 206 , 184 , 182 , 174 , 154 , 223 , 223 , 215 , 212 , 206 , 207 , 199 , 199 , 186 , 176 , 205 , 205 , 203 , 196 , 190 , 193 , 178 , 171 , 177 , 165 , 223 , 181 , 185 , 174 , 180 , 166 , 164 , 166 , 170 , 154 , 230 , 225 , 199 , 178 , 185 , 182 , 177 , 160 , 155 , 154 , 215 , 59 , 217 , 184 , 182 , 182 , 174 , 160 , 154 , 119 , 1 
17 , 145 , 189 , 172 , 101 , 174 , 193 , 200 , 209 , 217 , 17 , 130 , 178 , 167 , 34 , 165 , 189 , 194 , 210 , 210 , 17 , 129 , 158 , 164 , 90 , 162 , 185 , 190 , 205 , 211 , 17 , 106 , 133 , 138 , 118 , 158 , 179 , 186 , 206 , 212 , 17 , 93 , 117 , 134 , 131 , 150 , 176 , 190 , 202 , 213 , 17 , 114 , 121 , 133 , 137 , 153 , 172 , 186 , 202 , 207 , 17 , 111 , 139 , 132 , 124 , 152 , 171 , 192 , 200 , 211 , 17 , 105 , 132 , 133 , 16 , 157 , 174 , 193 , 202 , 203 , 17 , 100 , 148 , 159 , 10 , 158 , 183 , 192 , 201 , 177 , 17 , 102 , 150 , 155 , 12 , 166 , 185 , 194 , 202 , 200 , 1 
250 , 255 , 248 , 235 , 248 , 244 , 239 , 236 , 250 , 245 , 250 , 252 , 247 , 243 , 193 , 175 , 239 , 238 , 249 , 245 , 249 , 253 , 245 , 65 , 82 , 97 , 97 , 239 , 249 , 246 , 248 , 252 , 242 , 23 , 178 , 204 , 36 , 241 , 243 , 244 , 245 , 245 , 241 , 28 , 174 , 176 , 32 , 241 , 242 , 242 , 246 , 245 , 240 , 51 , 143 , 144 , 60 , 241 , 242 , 242 , 246 , 245 , 238 , 57 , 149 , 126 , 76 , 241 , 239 , 242 , 249 , 247 , 147 , 42 , 151 , 140 , 50 , 165 , 238 , 241 , 251 , 252 , 148 , 37 , 151 , 168 , 25 , 82 , 237 , 238 , 248 , 155 , 255 , 255 , 255 , 255 , 255 , 255 , 255 , 255 , 0 
192 , 185 , 156 , 169 , 168 , 142 , 137 , 150 , 160 , 138 , 232 , 160 , 163 , 170 , 144 , 145 , 153 , 146 , 132 , 147 , 208 , 165 , 159 , 123 , 169 , 183 , 155 , 156 , 162 , 115 , 189 , 149 , 192 , 144 , 138 , 125 , 176 , 156 , 129 , 134 , 194 , 162 , 139 , 129 , 110 , 144 , 140 , 129 , 157 , 108 , 154 , 167 , 181 , 115 , 174 , 87 , 145 , 126 , 120 , 102 , 182 , 180 , 142 , 87 , 126 , 124 , 178 , 155 , 119 , 126 , 148 , 214 , 164 , 136 , 152 , 152 , 141 , 129 , 110 , 111 , 122 , 158 , 179 , 168 , 155 , 131 , 144 , 154 , 118 , 100 , 117 , 153 , 157 , 150 , 132 , 136 , 115 , 124 , 99 , 107 , 1 
160 , 142 , 157 , 188 , 185 , 165 , 163 , 170 , 160 , 176 , 150 , 166 , 163 , 173 , 161 , 170 , 199 , 166 , 183 , 168 , 143 , 156 , 157 , 182 , 171 , 174 , 162 , 192 , 162 , 193 , 153 , 152 , 171 , 184 , 166 , 165 , 169 , 181 , 195 , 184 , 171 , 153 , 189 , 179 , 171 , 189 , 206 , 182 , 190 , 186 , 147 , 162 , 172 , 167 , 170 , 183 , 189 , 178 , 203 , 207 , 153 , 166 , 151 , 185 , 168 , 177 , 196 , 195 , 178 , 182 , 148 , 171 , 158 , 210 , 195 , 168 , 201 , 197 , 189 , 192 , 147 , 176 , 186 , 181 , 183 , 170 , 173 , 192 , 174 , 189 , 150 , 173 , 166 , 181 , 165 , 192 , 195 , 208 , 196 , 192 , 0 
39 , 66 , 144 , 181 , 187 , 168 , 177 , 189 , 190 , 182 , 131 , 79 , 132 , 168 , 172 , 150 , 188 , 171 , 168 , 183 , 171 , 76 , 109 , 151 , 162 , 106 , 93 , 157 , 173 , 184 , 175 , 74 , 98 , 126 , 158 , 175 , 84 , 180 , 162 , 187 , 173 , 35 , 109 , 137 , 134 , 153 , 133 , 170 , 146 , 199 , 177 , 151 , 100 , 104 , 121 , 143 , 195 , 101 , 155 , 202 , 176 , 157 , 101 , 105 , 115 , 89 , 92 , 147 , 196 , 187 , 176 , 156 , 72 , 105 , 118 , 145 , 165 , 155 , 192 , 173 , 168 , 54 , 66 , 88 , 99 , 96 , 101 , 141 , 188 , 189 , 107 , 54 , 67 , 83 , 90 , 89 , 138 , 162 , 179 , 197 , 1 
54 , 105 , 120 , 161 , 210 , 200 , 178 , 157 , 176 , 177 , 66 , 70 , 116 , 160 , 163 , 216 , 194 , 172 , 170 , 165 , 87 , 93 , 135 , 172 , 162 , 181 , 178 , 176 , 177 , 175 , 87 , 81 , 117 , 125 , 128 , 178 , 156 , 190 , 196 , 182 , 85 , 110 , 144 , 168 , 69 , 90 , 217 , 165 , 179 , 189 , 69 , 115 , 114 , 107 , 58 , 92 , 167 , 184 , 191 , 198 , 95 , 147 , 140 , 152 , 99 , 166 , 181 , 173 , 193 , 191 , 101 , 100 , 126 , 142 , 185 , 174 , 161 , 185 , 218 , 197 , 127 , 113 , 128 , 162 , 135 , 197 , 213 , 193 , 193 , 188 , 145 , 90 , 110 , 136 , 157 , 144 , 178 , 207 , 203 , 218 , 1 
43 , 43 , 177 , 59 , 43 , 223 , 45 , 168 , 43 , 43 , 34 , 147 , 69 , 63 , 48 , 85 , 68 , 82 , 103 , 34 , 23 , 133 , 137 , 144 , 136 , 99 , 128 , 153 , 41 , 23 , 16 , 148 , 155 , 160 , 151 , 120 , 129 , 124 , 100 , 16 , 47 , 128 , 137 , 164 , 150 , 144 , 133 , 134 , 109 , 47 , 47 , 110 , 128 , 149 , 118 , 142 , 139 , 120 , 101 , 43 , 47 , 94 , 83 , 133 , 140 , 115 , 125 , 61 , 96 , 47 , 47 , 69 , 52 , 112 , 110 , 106 , 78 , 3 , 96 , 47 , 247 , 75 , 9 , 4 , 77 , 77 , 3 , 122 , 1 , 47 , 204 , 46 , 47 , 47 , 47 , 47 , 47 , 47 , 47 , 47 , 1 
32 , 44 , 46 , 78 , 85 , 77 , 45 , 192 , 189 , 200 , 43 , 71 , 84 , 77 , 96 , 77 , 166 , 195 , 183 , 202 , 40 , 106 , 206 , 67 , 83 , 150 , 211 , 195 , 97 , 205 , 67 , 156 , 179 , 52 , 167 , 203 , 189 , 131 , 215 , 206 , 4 , 101 , 174 , 169 , 205 , 190 , 89 , 45 , 201 , 209 , 169 , 68 , 150 , 193 , 183 , 157 , 93 , 197 , 183 , 211 , 171 , 52 , 108 , 208 , 187 , 83 , 185 , 201 , 209 , 214 , 173 , 32 , 162 , 195 , 187 , 216 , 212 , 198 , 127 , 216 , 174 , 25 , 72 , 164 , 121 , 102 , 60 , 203 , 209 , 217 , 176 , 18 , 20 , 95 , 35 , 77 , 77 , 206 , 212 , 220 , 0 
90 , 119 , 147 , 147 , 150 , 152 , 129 , 57 , 71 , 76 , 69 , 141 , 143 , 160 , 160 , 150 , 138 , 87 , 79 , 84 , 57 , 130 , 149 , 168 , 169 , 165 , 141 , 129 , 65 , 83 , 42 , 104 , 146 , 153 , 172 , 169 , 159 , 150 , 130 , 80 , 45 , 76 , 129 , 174 , 174 , 182 , 158 , 161 , 144 , 134 , 44 , 77 , 134 , 168 , 172 , 190 , 174 , 166 , 163 , 144 , 45 , 74 , 125 , 165 , 182 , 174 , 178 , 157 , 158 , 153 , 86 , 60 , 136 , 154 , 169 , 171 , 179 , 175 , 154 , 143 , 107 , 131 , 48 , 139 , 167 , 180 , 173 , 152 , 153 , 127 , 122 , 152 , 140 , 106 , 146 , 161 , 153 , 129 , 137 , 117 , 1 
255 , 255 , 255 , 231 , 209 , 250 , 255 , 255 , 255 , 255 , 255 , 255 , 189 , 210 , 54 , 44 , 255 , 255 , 255 , 255 , 255 , 255 , 235 , 36 , 45 , 78 , 67 , 255 , 255 , 255 , 255 , 255 , 255 , 41 , 38 , 57 , 44 , 255 , 255 , 255 , 255 , 255 , 255 , 255 , 30 , 57 , 74 , 254 , 255 , 255 , 255 , 255 , 255 , 255 , 159 , 36 , 192 , 253 , 255 , 255 , 255 , 255 , 255 , 255 , 255 , 25 , 26 , 21 , 255 , 255 , 255 , 255 , 255 , 255 , 255 , 27 , 55 , 65 , 255 , 255 , 255 , 255 , 255 , 255 , 255 , 22 , 31 , 192 , 255 , 255 , 255 , 255 , 255 , 255 , 255 , 242 , 137 , 253 , 255 , 255 , 0 
156 , 158 , 157 , 159 , 159 , 157 , 159 , 161 , 153 , 157 , 151 , 159 , 157 , 158 , 156 , 158 , 164 , 160 , 147 , 158 , 158 , 149 , 157 , 163 , 162 , 158 , 162 , 128 , 154 , 155 , 163 , 118 , 123 , 160 , 165 , 160 , 154 , 137 , 156 , 156 , 162 , 110 , 126 , 161 , 158 , 164 , 158 , 152 , 148 , 157 , 156 , 153 , 117 , 160 , 166 , 142 , 164 , 156 , 154 , 156 , 158 , 156 , 96 , 162 , 159 , 112 , 159 , 158 , 148 , 148 , 159 , 155 , 157 , 161 , 164 , 149 , 159 , 153 , 154 , 150 , 163 , 157 , 167 , 165 , 167 , 157 , 155 , 153 , 148 , 148 , 160 , 163 , 162 , 162 , 150 , 160 , 155 , 150 , 151 , 143 , 1 
193 , 192 , 191 , 189 , 66 , 25 , 187 , 230 , 224 , 178 , 196 , 192 , 183 , 195 , 186 , 17 , 191 , 171 , 152 , 185 , 199 , 66 , 199 , 196 , 232 , 112 , 191 , 187 , 186 , 178 , 236 , 208 , 199 , 196 , 143 , 77 , 189 , 188 , 194 , 163 , 194 , 237 , 221 , 164 , 68 , 42 , 178 , 207 , 202 , 88 , 164 , 200 , 106 , 227 , 218 , 222 , 211 , 184 , 229 , 77 , 199 , 92 , 61 , 182 , 199 , 234 , 100 , 73 , 66 , 187 , 196 , 196 , 180 , 93 , 152 , 171 , 70 , 79 , 186 , 179 , 187 , 188 , 185 , 209 , 172 , 170 , 154 , 185 , 174 , 171 , 182 , 180 , 178 , 148 , 62 , 71 , 78 , 170 , 169 , 165 , 0 
149 , 172 , 150 , 155 , 192 , 184 , 211 , 203 , 219 , 185 , 125 , 141 , 126 , 153 , 192 , 173 , 206 , 187 , 201 , 210 , 136 , 156 , 115 , 144 , 195 , 197 , 217 , 205 , 207 , 190 , 145 , 145 , 130 , 122 , 201 , 202 , 217 , 213 , 214 , 212 , 144 , 116 , 133 , 118 , 192 , 191 , 213 , 213 , 210 , 216 , 146 , 122 , 112 , 147 , 193 , 181 , 211 , 204 , 215 , 214 , 109 , 163 , 97 , 179 , 209 , 187 , 214 , 213 , 208 , 205 , 65 , 149 , 92 , 174 , 200 , 207 , 219 , 215 , 208 , 216 , 32 , 154 , 99 , 179 , 148 , 216 , 208 , 205 , 192 , 212 , 77 , 153 , 93 , 160 , 153 , 177 , 208 , 177 , 201 , 215 , 1 
254 , 253 , 254 , 254 , 254 , 253 , 254 , 254 , 254 , 253 , 142 , 121 , 103 , 190 , 183 , 209 , 81 , 78 , 83 , 71 , 226 , 176 , 92 , 96 , 108 , 146 , 82 , 93 , 69 , 70 , 118 , 111 , 116 , 146 , 149 , 149 , 152 , 90 , 72 , 61 , 123 , 82 , 98 , 129 , 133 , 112 , 176 , 82 , 75 , 53 , 78 , 70 , 87 , 65 , 101 , 64 , 65 , 67 , 65 , 168 , 58 , 58 , 62 , 65 , 72 , 54 , 76 , 147 , 169 , 184 , 204 , 172 , 205 , 124 , 136 , 130 , 167 , 158 , 182 , 136 , 160 , 173 , 136 , 157 , 133 , 123 , 164 , 107 , 103 , 88 , 96 , 107 , 85 , 101 , 67 , 81 , 94 , 100 , 107 , 94 , 1 
255 , 255 , 255 , 255 , 50 , 251 , 255 , 255 , 255 , 255 , 255 , 255 , 255 , 137 , 29 , 21 , 255 , 255 , 255 , 255 , 255 , 255 , 255 , 42 , 29 , 15 , 54 , 255 , 255 , 255 , 255 , 255 , 255 , 255 , 31 , 34 , 255 , 255 , 255 , 255 , 255 , 255 , 255 , 44 , 34 , 21 , 253 , 255 , 255 , 255 , 255 , 255 , 255 , 40 , 31 , 23 , 63 , 255 , 255 , 255 , 255 , 255 , 255 , 34 , 33 , 29 , 59 , 255 , 255 , 255 , 255 , 255 , 255 , 33 , 12 , 28 , 54 , 255 , 255 , 255 , 78 , 79 , 79 , 40 , 7 , 25 , 56 , 255 , 255 , 255 , 255 , 61 , 255 , 255 , 10 , 23 , 253 , 255 , 255 , 255 , 0 
53 , 74 , 87 , 117 , 130 , 102 , 106 , 88 , 98 , 83 , 55 , 151 , 156 , 161 , 165 , 160 , 144 , 116 , 95 , 81 , 169 , 190 , 182 , 185 , 175 , 195 , 181 , 182 , 157 , 102 , 164 , 221 , 190 , 195 , 204 , 202 , 192 , 180 , 166 , 137 , 144 , 158 , 173 , 186 , 218 , 201 , 157 , 185 , 167 , 156 , 63 , 113 , 155 , 197 , 192 , 214 , 208 , 173 , 149 , 126 , 37 , 86 , 122 , 174 , 185 , 192 , 178 , 164 , 166 , 135 , 129 , 48 , 76 , 120 , 148 , 163 , 170 , 158 , 150 , 127 , 109 , 92 , 66 , 72 , 104 , 122 , 122 , 113 , 112 , 91 , 85 , 86 , 82 , 82 , 75 , 87 , 96 , 87 , 49 , 118 , 1 
185 , 196 , 186 , 120 , 123 , 38 , 184 , 222 , 229 , 254 , 173 , 206 , 172 , 111 , 61 , 75 , 51 , 215 , 180 , 2 , 175 , 198 , 130 , 143 , 82 , 125 , 73 , 143 , 2 , 0 , 173 , 166 , 84 , 124 , 125 , 128 , 125 , 147 , 1 , 0 , 167 , 158 , 133 , 112 , 132 , 106 , 122 , 125 , 1 , 0 , 165 , 153 , 129 , 88 , 139 , 121 , 127 , 116 , 1 , 0 , 152 , 176 , 102 , 83 , 76 , 111 , 108 , 109 , 2 , 1 , 152 , 165 , 126 , 51 , 52 , 102 , 139 , 103 , 2 , 2 , 130 , 219 , 182 , 133 , 81 , 72 , 135 , 149 , 149 , 98 , 122 , 151 , 185 , 159 , 113 , 118 , 157 , 157 , 190 , 239 , 1 
108 , 122 , 132 , 92 , 115 , 159 , 134 , 144 , 144 , 156 , 80 , 114 , 116 , 127 , 129 , 123 , 130 , 109 , 95 , 66 , 56 , 77 , 76 , 93 , 107 , 124 , 95 , 124 , 74 , 102 , 67 , 112 , 130 , 139 , 98 , 99 , 76 , 119 , 141 , 118 , 54 , 106 , 120 , 128 , 83 , 101 , 77 , 151 , 167 , 133 , 104 , 90 , 133 , 108 , 98 , 110 , 142 , 123 , 19 , 149 , 71 , 80 , 117 , 129 , 153 , 169 , 122 , 104 , 179 , 116 , 74 , 94 , 119 , 120 , 135 , 151 , 148 , 132 , 162 , 73 , 85 , 105 , 112 , 128 , 145 , 142 , 140 , 187 , 163 , 137 , 82 , 81 , 92 , 93 , 152 , 152 , 157 , 146 , 175 , 141 , 1 
62 , 100 , 97 , 111 , 180 , 209 , 172 , 106 , 102 , 96 , 157 , 128 , 116 , 118 , 146 , 171 , 165 , 222 , 52 , 49 , 141 , 131 , 123 , 131 , 134 , 141 , 131 , 162 , 149 , 84 , 136 , 110 , 105 , 135 , 121 , 120 , 152 , 101 , 112 , 44 , 98 , 99 , 106 , 109 , 113 , 120 , 127 , 93 , 138 , 153 , 56 , 109 , 112 , 122 , 114 , 110 , 124 , 139 , 177 , 149 , 24 , 115 , 119 , 122 , 126 , 143 , 150 , 166 , 193 , 156 , 86 , 120 , 140 , 147 , 161 , 185 , 202 , 206 , 212 , 200 , 115 , 154 , 165 , 161 , 170 , 189 , 191 , 204 , 206 , 194 , 146 , 158 , 161 , 153 , 131 , 138 , 151 , 144 , 138 , 176 , 1 
185 , 208 , 198 , 171 , 176 , 142 , 179 , 136 , 93 , 87 , 189 , 197 , 208 , 190 , 192 , 147 , 179 , 165 , 116 , 116 , 185 , 191 , 219 , 199 , 186 , 176 , 180 , 139 , 101 , 177 , 174 , 205 , 179 , 140 , 185 , 167 , 135 , 67 , 138 , 147 , 184 , 167 , 183 , 186 , 162 , 158 , 144 , 168 , 130 , 77 , 158 , 178 , 185 , 211 , 147 , 172 , 158 , 142 , 143 , 84 , 165 , 175 , 171 , 188 , 177 , 179 , 177 , 164 , 112 , 170 , 167 , 159 , 176 , 174 , 183 , 161 , 166 , 166 , 123 , 124 , 164 , 169 , 169 , 165 , 178 , 170 , 163 , 154 , 117 , 157 , 188 , 150 , 153 , 177 , 157 , 168 , 177 , 160 , 125 , 129 , 1 
135 , 71 , 197 , 203 , 195 , 148 , 107 , 117 , 147 , 152 , 111 , 181 , 86 , 111 , 94 , 139 , 167 , 106 , 79 , 50 , 39 , 156 , 213 , 210 , 169 , 73 , 133 , 180 , 148 , 164 , 200 , 167 , 226 , 216 , 161 , 134 , 76 , 122 , 84 , 150 , 217 , 217 , 214 , 189 , 142 , 123 , 107 , 91 , 186 , 185 , 210 , 210 , 105 , 92 , 124 , 147 , 80 , 103 , 176 , 185 , 211 , 184 , 146 , 127 , 139 , 82 , 83 , 86 , 170 , 149 , 106 , 170 , 140 , 93 , 172 , 58 , 102 , 71 , 151 , 137 , 123 , 101 , 142 , 174 , 113 , 164 , 75 , 94 , 154 , 75 , 200 , 170 , 197 , 129 , 157 , 83 , 154 , 178 , 151 , 126 , 1 
28 , 39 , 109 , 171 , 175 , 163 , 158 , 102 , 79 , 143 , 48 , 66 , 166 , 172 , 221 , 237 , 198 , 143 , 112 , 90 , 26 , 129 , 169 , 209 , 235 , 234 , 158 , 140 , 104 , 88 , 50 , 140 , 150 , 206 , 205 , 201 , 152 , 143 , 22 , 69 , 38 , 156 , 144 , 174 , 190 , 191 , 107 , 131 , 27 , 64 , 66 , 174 , 116 , 152 , 203 , 183 , 154 , 143 , 79 , 69 , 96 , 137 , 108 , 157 , 200 , 160 , 158 , 126 , 90 , 59 , 90 , 144 , 108 , 160 , 202 , 201 , 201 , 111 , 90 , 82 , 49 , 117 , 92 , 178 , 188 , 187 , 196 , 181 , 104 , 105 , 42 , 45 , 126 , 124 , 157 , 162 , 148 , 105 , 124 , 103 , 1 
33 , 33 , 33 , 33 , 33 , 33 , 195 , 150 , 33 , 33 , 33 , 33 , 33 , 33 , 33 , 33 , 208 , 161 , 254 , 33 , 33 , 33 , 33 , 33 , 33 , 198 , 237 , 33 , 33 , 33 , 42 , 76 , 100 , 115 , 175 , 252 , 215 , 33 , 33 , 33 , 33 , 33 , 33 , 33 , 33 , 147 , 211 , 152 , 33 , 33 , 37 , 67 , 105 , 133 , 172 , 220 , 142 , 33 , 33 , 33 , 33 , 33 , 33 , 33 , 33 , 143 , 131 , 33 , 33 , 33 , 33 , 33 , 33 , 33 , 33 , 33 , 33 , 33 , 33 , 33 , 33 , 33 , 33 , 33 , 33 , 33 , 33 , 33 , 33 , 33 , 33 , 33 , 33 , 33 , 33 , 33 , 33 , 33 , 33 , 33 , 0 
252 , 253 , 253 , 253 , 254 , 253 , 42 , 73 , 253 , 252 , 253 , 254 , 253 , 253 , 253 , 156 , 209 , 34 , 254 , 252 , 252 , 253 , 228 , 253 , 253 , 39 , 75 , 34 , 254 , 252 , 253 , 253 , 253 , 253 , 253 , 202 , 215 , 37 , 235 , 252 , 253 , 253 , 252 , 255 , 254 , 156 , 197 , 49 , 51 , 252 , 253 , 253 , 254 , 253 , 253 , 213 , 159 , 28 , 41 , 252 , 252 , 252 , 252 , 253 , 253 , 160 , 202 , 207 , 25 , 252 , 252 , 253 , 252 , 252 , 184 , 195 , 203 , 198 , 208 , 252 , 252 , 252 , 252 , 252 , 187 , 196 , 209 , 194 , 215 , 252 , 255 , 255 , 252 , 249 , 255 , 254 , 254 , 247 , 254 , 255 , 0 
14 , 14 , 14 , 15 , 15 , 16 , 16 , 16 , 17 , 16 , 14 , 15 , 18 , 21 , 23 , 25 , 24 , 23 , 21 , 19 , 17 , 21 , 27 , 38 , 56 , 59 , 50 , 38 , 29 , 24 , 19 , 27 , 40 , 75 , 68 , 14 , 18 , 120 , 37 , 25 , 22 , 30 , 78 , 11 , 37 , 7 , 110 , 43 , 54 , 32 , 31 , 52 , 83 , 65 , 104 , 51 , 137 , 2 , 35 , 43 , 44 , 96 , 2 , 10 , 11 , 1 , 12 , 109 , 62 , 34 , 46 , 85 , 126 , 14 , 143 , 116 , 71 , 43 , 33 , 27 , 33 , 43 , 50 , 49 , 39 , 30 , 28 , 27 , 26 , 25 , 20 , 20 , 21 , 22 , 22 , 22 , 22 , 22 , 22 , 22 , 0 
218 , 216 , 242 , 224 , 234 , 242 , 217 , 156 , 230 , 153 , 222 , 232 , 244 , 196 , 198 , 239 , 189 , 147 , 142 , 216 , 211 , 241 , 238 , 169 , 181 , 101 , 78 , 213 , 174 , 156 , 218 , 234 , 211 , 154 , 172 , 80 , 163 , 110 , 152 , 160 , 224 , 177 , 171 , 156 , 159 , 163 , 178 , 166 , 112 , 119 , 227 , 142 , 220 , 143 , 76 , 191 , 48 , 202 , 101 , 87 , 219 , 179 , 223 , 180 , 56 , 47 , 132 , 197 , 109 , 107 , 218 , 189 , 143 , 164 , 91 , 159 , 196 , 96 , 101 , 194 , 216 , 204 , 71 , 154 , 177 , 172 , 196 , 131 , 202 , 189 , 218 , 197 , 111 , 132 , 180 , 152 , 118 , 229 , 202 , 203 , 0 
71 , 110 , 130 , 135 , 138 , 136 , 147 , 140 , 115 , 120 , 83 , 108 , 137 , 132 , 136 , 142 , 121 , 102 , 116 , 102 , 64 , 114 , 103 , 117 , 129 , 136 , 105 , 91 , 133 , 120 , 64 , 113 , 120 , 109 , 125 , 136 , 116 , 128 , 109 , 108 , 74 , 78 , 121 , 107 , 123 , 143 , 103 , 73 , 57 , 102 , 85 , 77 , 35 , 94 , 104 , 128 , 149 , 151 , 78 , 98 , 98 , 72 , 85 , 111 , 105 , 130 , 146 , 122 , 90 , 119 , 97 , 103 , 107 , 114 , 113 , 129 , 124 , 92 , 115 , 114 , 103 , 111 , 128 , 117 , 106 , 136 , 124 , 123 , 126 , 127 , 104 , 116 , 126 , 125 , 108 , 128 , 113 , 135 , 152 , 134 , 1 
209 , 69 , 78 , 231 , 189 , 199 , 197 , 195 , 195 , 195 , 208 , 193 , 98 , 218 , 92 , 200 , 197 , 197 , 195 , 196 , 208 , 198 , 228 , 217 , 185 , 199 , 198 , 196 , 195 , 196 , 208 , 201 , 219 , 218 , 205 , 200 , 196 , 195 , 195 , 195 , 208 , 169 , 197 , 202 , 177 , 200 , 196 , 196 , 195 , 194 , 208 , 177 , 211 , 46 , 204 , 199 , 196 , 196 , 195 , 194 , 207 , 175 , 172 , 199 , 203 , 200 , 196 , 196 , 195 , 194 , 207 , 174 , 19 , 151 , 202 , 200 , 197 , 194 , 194 , 195 , 207 , 196 , 48 , 220 , 207 , 200 , 196 , 196 , 194 , 194 , 207 , 204 , 237 , 183 , 194 , 187 , 196 , 195 , 192 , 193 , 0 
253 , 253 , 224 , 221 , 232 , 230 , 226 , 233 , 225 , 204 , 253 , 253 , 216 , 209 , 219 , 213 , 220 , 219 , 219 , 209 , 253 , 253 , 215 , 205 , 223 , 221 , 182 , 241 , 219 , 167 , 253 , 253 , 253 , 204 , 177 , 207 , 224 , 228 , 234 , 221 , 253 , 253 , 253 , 224 , 213 , 196 , 153 , 235 , 230 , 235 , 253 , 253 , 253 , 184 , 181 , 158 , 147 , 202 , 229 , 198 , 253 , 253 , 207 , 173 , 158 , 158 , 215 , 231 , 227 , 201 , 213 , 212 , 208 , 204 , 198 , 208 , 184 , 229 , 226 , 199 , 212 , 207 , 213 , 216 , 212 , 199 , 179 , 225 , 229 , 218 , 213 , 212 , 213 , 212 , 214 , 201 , 172 , 221 , 234 , 216 , 0 
136 , 164 , 166 , 167 , 182 , 151 , 198 , 188 , 161 , 139 , 138 , 147 , 163 , 165 , 214 , 147 , 194 , 183 , 154 , 130 , 134 , 141 , 164 , 163 , 207 , 137 , 185 , 185 , 153 , 103 , 137 , 162 , 160 , 159 , 201 , 127 , 182 , 179 , 148 , 143 , 137 , 137 , 151 , 140 , 198 , 200 , 150 , 176 , 132 , 136 , 152 , 125 , 161 , 136 , 190 , 194 , 141 , 163 , 117 , 113 , 151 , 164 , 168 , 131 , 180 , 188 , 150 , 167 , 114 , 125 , 169 , 141 , 143 , 143 , 174 , 180 , 146 , 146 , 126 , 182 , 172 , 126 , 126 , 168 , 171 , 174 , 117 , 141 , 127 , 175 , 165 , 142 , 124 , 148 , 167 , 171 , 76 , 7 , 117 , 171 , 0 
149 , 156 , 161 , 164 , 168 , 167 , 161 , 157 , 150 , 255 , 166 , 175 , 49 , 31 , 215 , 190 , 184 , 174 , 167 , 255 , 183 , 57 , 41 , 54 , 199 , 33 , 201 , 195 , 184 , 255 , 25 , 92 , 97 , 58 , 184 , 28 , 208 , 219 , 197 , 255 , 21 , 190 , 128 , 203 , 149 , 128 , 209 , 212 , 202 , 255 , 32 , 85 , 133 , 133 , 150 , 211 , 209 , 208 , 201 , 255 , 200 , 122 , 159 , 127 , 149 , 169 , 173 , 215 , 201 , 255 , 189 , 165 , 175 , 177 , 194 , 213 , 200 , 212 , 207 , 255 , 92 , 129 , 191 , 178 , 208 , 212 , 201 , 202 , 211 , 161 , 176 , 170 , 101 , 71 , 126 , 197 , 197 , 177 , 215 , 248 , 0 
56 , 108 , 152 , 161 , 175 , 167 , 173 , 134 , 96 , 1 , 40 , 111 , 149 , 160 , 164 , 192 , 183 , 145 , 124 , 76 , 60 , 144 , 165 , 167 , 157 , 203 , 214 , 183 , 145 , 115 , 76 , 160 , 168 , 194 , 217 , 222 , 178 , 179 , 145 , 115 , 70 , 145 , 180 , 143 , 199 , 205 , 207 , 176 , 154 , 119 , 85 , 150 , 172 , 158 , 169 , 185 , 196 , 175 , 150 , 112 , 79 , 144 , 122 , 143 , 148 , 172 , 161 , 153 , 127 , 107 , 38 , 136 , 143 , 131 , 128 , 129 , 92 , 80 , 77 , 80 , 26 , 125 , 108 , 129 , 121 , 84 , 62 , 0 , 1 , 1 , 47 , 136 , 112 , 81 , 109 , 99 , 44 , 0 , 0 , 0 , 1 
215 , 206 , 202 , 205 , 209 , 210 , 209 , 208 , 209 , 213 , 223 , 200 , 191 , 204 , 224 , 228 , 222 , 214 , 214 , 215 , 234 , 228 , 216 , 226 , 241 , 242 , 240 , 227 , 220 , 214 , 251 , 253 , 248 , 134 , 85 , 71 , 13 , 40 , 220 , 198 , 254 , 254 , 156 , 114 , 217 , 209 , 111 , 165 , 219 , 186 , 248 , 2 , 65 , 93 , 48 , 37 , 0 , 48 , 127 , 125 , 183 , 110 , 28 , 21 , 55 , 174 , 146 , 98 , 111 , 164 , 211 , 143 , 41 , 34 , 14 , 16 , 19 , 36 , 70 , 136 , 197 , 143 , 85 , 104 , 101 , 74 , 82 , 84 , 138 , 152 , 215 , 212 , 164 , 161 , 189 , 164 , 94 , 157 , 160 , 144 , 0 
3 , 75 , 118 , 141 , 114 , 110 , 124 , 122 , 119 , 125 , 1 , 4 , 139 , 109 , 93 , 91 , 54 , 97 , 116 , 99 , 2 , 56 , 175 , 120 , 34 , 139 , 74 , 37 , 111 , 88 , 1 , 153 , 158 , 25 , 71 , 179 , 119 , 39 , 80 , 103 , 1 , 170 , 122 , 119 , 145 , 219 , 153 , 146 , 128 , 139 , 30 , 23 , 95 , 58 , 155 , 213 , 147 , 125 , 115 , 120 , 28 , 25 , 31 , 77 , 119 , 134 , 117 , 81 , 84 , 114 , 110 , 98 , 68 , 44 , 51 , 118 , 98 , 44 , 57 , 67 , 1 , 107 , 104 , 101 , 98 , 100 , 106 , 58 , 10 , 28 , 0 , 123 , 133 , 100 , 112 , 118 , 146 , 113 , 89 , 120 , 1 
123 , 120 , 89 , 194 , 99 , 90 , 81 , 70 , 96 , 130 , 48 , 89 , 179 , 213 , 46 , 184 , 178 , 173 , 138 , 145 , 48 , 48 , 108 , 149 , 57 , 199 , 192 , 188 , 153 , 158 , 46 , 50 , 39 , 185 , 180 , 205 , 199 , 196 , 160 , 160 , 188 , 36 , 35 , 69 , 153 , 207 , 203 , 198 , 161 , 160 , 116 , 55 , 33 , 52 , 40 , 40 , 8 , 93 , 133 , 149 , 218 , 192 , 119 , 58 , 146 , 17 , 175 , 37 , 93 , 125 , 195 , 184 , 103 , 86 , 117 , 29 , 27 , 155 , 102 , 62 , 185 , 154 , 97 , 81 , 76 , 29 , 26 , 94 , 99 , 69 , 175 , 151 , 87 , 84 , 157 , 87 , 134 , 153 , 126 , 118 , 0 
255 , 255 , 254 , 247 , 226 , 255 , 255 , 255 , 255 , 255 , 255 , 255 , 255 , 240 , 227 , 255 , 255 , 255 , 255 , 255 , 255 , 255 , 255 , 233 , 228 , 255 , 255 , 255 , 255 , 255 , 255 , 255 , 255 , 223 , 224 , 255 , 255 , 255 , 255 , 255 , 255 , 233 , 255 , 111 , 198 , 175 , 222 , 200 , 238 , 186 , 255 , 94 , 255 , 1 , 192 , 195 , 209 , 237 , 239 , 235 , 255 , 255 , 255 , 190 , 178 , 149 , 181 , 230 , 236 , 230 , 255 , 255 , 255 , 253 , 123 , 243 , 250 , 254 , 255 , 255 , 255 , 251 , 212 , 255 , 255 , 255 , 255 , 255 , 255 , 255 , 255 , 255 , 255 , 255 , 255 , 255 , 255 , 255 , 255 , 255 , 0 
35 , 61 , 102 , 177 , 217 , 187 , 186 , 163 , 132 , 75 , 39 , 103 , 132 , 182 , 180 , 153 , 170 , 136 , 150 , 61 , 74 , 136 , 156 , 179 , 141 , 150 , 154 , 124 , 138 , 106 , 60 , 103 , 103 , 166 , 153 , 151 , 162 , 143 , 150 , 167 , 130 , 121 , 129 , 200 , 106 , 50 , 61 , 38 , 175 , 156 , 128 , 149 , 166 , 132 , 50 , 116 , 147 , 57 , 138 , 125 , 64 , 35 , 41 , 69 , 108 , 53 , 32 , 75 , 152 , 121 , 43 , 84 , 122 , 142 , 120 , 126 , 111 , 100 , 146 , 43 , 36 , 106 , 88 , 77 , 104 , 108 , 105 , 143 , 151 , 86 , 35 , 53 , 52 , 102 , 80 , 44 , 45 , 49 , 141 , 67 , 0 
231 , 230 , 227 , 223 , 122 , 48 , 232 , 241 , 247 , 252 , 232 , 231 , 229 , 223 , 92 , 95 , 227 , 235 , 244 , 251 , 232 , 233 , 231 , 221 , 213 , 163 , 219 , 227 , 239 , 249 , 233 , 234 , 231 , 221 , 62 , 41 , 212 , 221 , 234 , 245 , 233 , 234 , 233 , 226 , 177 , 187 , 204 , 214 , 229 , 242 , 233 , 234 , 233 , 226 , 220 , 158 , 195 , 205 , 221 , 237 , 233 , 233 , 232 , 225 , 223 , 160 , 213 , 181 , 212 , 231 , 232 , 233 , 230 , 217 , 214 , 222 , 229 , 185 , 205 , 225 , 231 , 232 , 229 , 206 , 222 , 223 , 194 , 186 , 200 , 220 , 230 , 230 , 228 , 224 , 210 , 223 , 178 , 185 , 195 , 213 , 0 
91 , 122 , 135 , 81 , 64 , 83 , 106 , 49 , 87 , 95 , 99 , 110 , 109 , 61 , 101 , 164 , 19 , 42 , 91 , 83 , 81 , 86 , 78 , 199 , 197 , 224 , 90 , 103 , 89 , 83 , 74 , 67 , 54 , 15 , 13 , 110 , 198 , 221 , 48 , 67 , 66 , 66 , 45 , 224 , 210 , 210 , 104 , 209 , 24 , 26 , 78 , 76 , 68 , 70 , 150 , 181 , 198 , 190 , 75 , 64 , 65 , 66 , 65 , 62 , 62 , 27 , 189 , 234 , 44 , 49 , 69 , 73 , 68 , 66 , 70 , 34 , 182 , 144 , 226 , 53 , 9 , 10 , 10 , 11 , 10 , 15 , 198 , 33 , 31 , 31 , 106 , 117 , 115 , 122 , 131 , 77 , 179 , 109 , 101 , 104 , 0 
189 , 136 , 153 , 169 , 155 , 158 , 102 , 183 , 168 , 135 , 182 , 129 , 126 , 131 , 129 , 62 , 144 , 158 , 148 , 136 , 179 , 127 , 130 , 116 , 102 , 112 , 129 , 132 , 83 , 136 , 178 , 97 , 144 , 141 , 113 , 129 , 154 , 155 , 145 , 163 , 161 , 128 , 156 , 155 , 93 , 152 , 164 , 158 , 186 , 210 , 146 , 102 , 167 , 172 , 74 , 170 , 186 , 142 , 207 , 190 , 134 , 118 , 137 , 117 , 158 , 146 , 174 , 158 , 200 , 207 , 105 , 87 , 135 , 136 , 171 , 126 , 184 , 167 , 210 , 223 , 116 , 127 , 129 , 163 , 177 , 118 , 187 , 141 , 220 , 218 , 145 , 109 , 108 , 178 , 182 , 116 , 176 , 197 , 212 , 214 , 1 
188 , 201 , 202 , 191 , 169 , 200 , 200 , 207 , 200 , 203 , 175 , 187 , 189 , 193 , 220 , 186 , 196 , 205 , 206 , 214 , 180 , 189 , 199 , 183 , 184 , 117 , 196 , 188 , 196 , 211 , 180 , 183 , 198 , 172 , 181 , 128 , 190 , 175 , 186 , 195 , 173 , 167 , 130 , 158 , 132 , 129 , 132 , 186 , 190 , 185 , 151 , 152 , 158 , 126 , 154 , 136 , 143 , 174 , 174 , 194 , 155 , 130 , 130 , 138 , 94 , 145 , 152 , 169 , 163 , 182 , 134 , 151 , 144 , 141 , 112 , 144 , 148 , 157 , 170 , 179 , 110 , 106 , 120 , 119 , 117 , 133 , 134 , 140 , 167 , 175 , 254 , 254 , 254 , 255 , 254 , 255 , 255 , 254 , 255 , 255 , 1 
108 , 185 , 199 , 204 , 255 , 255 , 255 , 191 , 182 , 255 , 168 , 164 , 186 , 200 , 255 , 255 , 166 , 153 , 180 , 245 , 159 , 175 , 170 , 157 , 157 , 80 , 151 , 156 , 162 , 251 , 143 , 134 , 128 , 170 , 120 , 212 , 169 , 20 , 190 , 255 , 125 , 119 , 125 , 152 , 7 , 31 , 26 , 10 , 249 , 207 , 116 , 22 , 92 , 143 , 198 , 2 , 66 , 171 , 254 , 232 , 140 , 28 , 40 , 2 , 70 , 110 , 168 , 229 , 215 , 227 , 97 , 61 , 9 , 30 , 167 , 47 , 67 , 52 , 52 , 185 , 58 , 63 , 81 , 61 , 64 , 70 , 40 , 18 , 1 , 88 , 62 , 65 , 72 , 63 , 90 , 105 , 112 , 122 , 153 , 127 , 0 
131 , 156 , 170 , 177 , 174 , 106 , 111 , 148 , 152 , 157 , 143 , 165 , 161 , 177 , 175 , 114 , 118 , 146 , 142 , 157 , 153 , 167 , 174 , 168 , 175 , 118 , 121 , 157 , 157 , 155 , 148 , 172 , 171 , 166 , 173 , 122 , 135 , 155 , 173 , 166 , 142 , 140 , 159 , 161 , 172 , 127 , 138 , 151 , 172 , 153 , 125 , 149 , 143 , 157 , 173 , 125 , 120 , 131 , 144 , 147 , 117 , 116 , 142 , 146 , 91 , 111 , 111 , 119 , 126 , 113 , 106 , 144 , 136 , 140 , 97 , 95 , 96 , 110 , 118 , 136 , 87 , 83 , 124 , 92 , 91 , 113 , 76 , 71 , 105 , 100 , 69 , 80 , 102 , 94 , 89 , 108 , 48 , 58 , 72 , 89 , 1 
95 , 96 , 98 , 105 , 133 , 220 , 213 , 211 , 199 , 146 , 12 , 19 , 29 , 41 , 50 , 67 , 90 , 125 , 150 , 158 , 4 , 4 , 4 , 7 , 22 , 38 , 70 , 106 , 142 , 182 , 4 , 4 , 3 , 4 , 15 , 57 , 87 , 78 , 133 , 171 , 4 , 6 , 62 , 117 , 109 , 120 , 118 , 141 , 76 , 147 , 107 , 119 , 17 , 21 , 32 , 4 , 40 , 49 , 84 , 123 , 219 , 234 , 54 , 24 , 6 , 172 , 57 , 15 , 165 , 140 , 188 , 200 , 199 , 191 , 191 , 183 , 194 , 182 , 156 , 144 , 166 , 178 , 179 , 177 , 172 , 183 , 184 , 154 , 129 , 106 , 108 , 122 , 139 , 119 , 129 , 138 , 138 , 118 , 99 , 102 , 0 
152 , 139 , 128 , 68 , 4 , 20 , 118 , 181 , 167 , 172 , 150 , 190 , 165 , 156 , 181 , 198 , 180 , 176 , 159 , 162 , 202 , 151 , 185 , 174 , 171 , 163 , 165 , 170 , 182 , 169 , 175 , 191 , 185 , 172 , 212 , 181 , 174 , 170 , 178 , 169 , 186 , 183 , 166 , 170 , 182 , 194 , 184 , 180 , 191 , 166 , 125 , 151 , 187 , 192 , 183 , 181 , 191 , 182 , 171 , 165 , 189 , 171 , 181 , 181 , 182 , 178 , 181 , 173 , 166 , 153 , 194 , 183 , 181 , 175 , 173 , 179 , 175 , 171 , 153 , 157 , 185 , 168 , 152 , 137 , 157 , 175 , 168 , 168 , 189 , 176 , 107 , 151 , 161 , 169 , 158 , 157 , 203 , 207 , 197 , 185 , 1 
255 , 255 , 255 , 229 , 201 , 231 , 242 , 220 , 228 , 174 , 255 , 255 , 255 , 205 , 199 , 221 , 235 , 214 , 170 , 197 , 255 , 254 , 202 , 240 , 208 , 220 , 227 , 230 , 238 , 217 , 200 , 234 , 231 , 223 , 240 , 212 , 218 , 165 , 176 , 127 , 205 , 236 , 235 , 215 , 203 , 214 , 215 , 198 , 220 , 175 , 231 , 222 , 237 , 233 , 234 , 201 , 207 , 206 , 195 , 198 , 227 , 239 , 224 , 117 , 255 , 164 , 204 , 222 , 235 , 218 , 221 , 233 , 228 , 165 , 255 , 255 , 156 , 210 , 220 , 203 , 237 , 169 , 74 , 255 , 255 , 255 , 255 , 137 , 148 , 134 , 211 , 58 , 118 , 255 , 255 , 255 , 255 , 79 , 68 , 77 , 0 
254 , 254 , 252 , 250 , 252 , 250 , 251 , 253 , 254 , 253 , 235 , 85 , 140 , 158 , 182 , 172 , 146 , 123 , 108 , 253 , 237 , 133 , 169 , 173 , 203 , 209 , 91 , 149 , 140 , 254 , 235 , 149 , 186 , 123 , 207 , 202 , 183 , 159 , 165 , 254 , 235 , 181 , 184 , 197 , 204 , 203 , 186 , 165 , 159 , 255 , 241 , 135 , 182 , 186 , 202 , 194 , 193 , 176 , 158 , 254 , 242 , 175 , 181 , 183 , 206 , 209 , 149 , 174 , 153 , 255 , 239 , 170 , 181 , 181 , 198 , 200 , 196 , 180 , 144 , 254 , 238 , 157 , 173 , 168 , 182 , 173 , 185 , 174 , 142 , 255 , 254 , 252 , 249 , 250 , 251 , 251 , 250 , 251 , 251 , 252 , 1 
255 , 255 , 192 , 255 , 255 , 255 , 255 , 254 , 254 , 255 , 255 , 255 , 255 , 189 , 255 , 255 , 255 , 255 , 254 , 180 , 255 , 255 , 255 , 187 , 194 , 255 , 255 , 204 , 177 , 151 , 255 , 255 , 255 , 255 , 168 , 195 , 182 , 167 , 149 , 137 , 255 , 255 , 255 , 255 , 169 , 145 , 157 , 151 , 144 , 134 , 255 , 255 , 255 , 255 , 200 , 180 , 152 , 149 , 149 , 190 , 255 , 255 , 255 , 255 , 255 , 187 , 255 , 169 , 133 , 105 , 255 , 255 , 255 , 255 , 255 , 255 , 255 , 255 , 185 , 149 , 255 , 255 , 255 , 255 , 255 , 255 , 255 , 254 , 254 , 255 , 255 , 255 , 255 , 255 , 255 , 255 , 255 , 255 , 255 , 255 , 0 
49 , 45 , 46 , 47 , 27 , 52 , 43 , 31 , 30 , 25 , 100 , 88 , 93 , 82 , 73 , 68 , 80 , 59 , 57 , 58 , 151 , 147 , 155 , 139 , 130 , 174 , 134 , 112 , 123 , 119 , 167 , 180 , 185 , 171 , 146 , 139 , 158 , 155 , 142 , 143 , 188 , 208 , 193 , 174 , 132 , 28 , 152 , 178 , 176 , 164 , 186 , 201 , 193 , 188 , 176 , 196 , 184 , 182 , 175 , 185 , 181 , 182 , 196 , 186 , 140 , 115 , 174 , 181 , 180 , 176 , 166 , 138 , 177 , 173 , 148 , 151 , 165 , 162 , 160 , 162 , 131 , 136 , 143 , 146 , 146 , 142 , 138 , 138 , 126 , 129 , 100 , 94 , 113 , 108 , 103 , 90 , 86 , 78 , 69 , 65 , 1 
170 , 173 , 163 , 56 , 33 , 173 , 196 , 241 , 220 , 213 , 174 , 181 , 184 , 189 , 190 , 189 , 169 , 247 , 229 , 224 , 165 , 197 , 175 , 212 , 188 , 203 , 174 , 242 , 235 , 229 , 233 , 237 , 243 , 250 , 178 , 137 , 127 , 246 , 233 , 234 , 205 , 190 , 215 , 207 , 131 , 183 , 183 , 221 , 239 , 241 , 180 , 170 , 226 , 254 , 156 , 254 , 253 , 255 , 247 , 240 , 180 , 189 , 78 , 150 , 120 , 187 , 196 , 154 , 189 , 112 , 2 , 211 , 199 , 190 , 170 , 171 , 160 , 189 , 165 , 170 , 9 , 9 , 2 , 161 , 3 , 10 , 1 , 0 , 0 , 0 , 3 , 7 , 1 , 1 , 2 , 0 , 0 , 0 , 0 , 0 , 0 
255 , 255 , 255 , 255 , 255 , 255 , 255 , 255 , 254 , 254 , 255 , 255 , 255 , 255 , 255 , 255 , 255 , 255 , 255 , 255 , 255 , 255 , 255 , 255 , 121 , 100 , 209 , 219 , 137 , 255 , 255 , 255 , 255 , 139 , 118 , 199 , 135 , 204 , 211 , 255 , 255 , 255 , 255 , 226 , 147 , 197 , 226 , 179 , 255 , 255 , 255 , 255 , 255 , 190 , 195 , 138 , 194 , 255 , 255 , 255 , 255 , 255 , 173 , 200 , 206 , 225 , 220 , 214 , 255 , 255 , 254 , 142 , 175 , 185 , 196 , 208 , 221 , 190 , 255 , 255 , 126 , 141 , 165 , 179 , 181 , 185 , 203 , 206 , 255 , 255 , 84 , 137 , 143 , 167 , 152 , 47 , 188 , 200 , 255 , 255 , 0 
161 , 190 , 198 , 195 , 205 , 191 , 180 , 144 , 168 , 131 , 168 , 193 , 206 , 211 , 202 , 200 , 182 , 141 , 160 , 158 , 164 , 202 , 189 , 170 , 218 , 148 , 200 , 152 , 148 , 144 , 176 , 182 , 184 , 203 , 219 , 183 , 185 , 161 , 147 , 153 , 166 , 187 , 166 , 194 , 204 , 161 , 172 , 167 , 141 , 139 , 164 , 194 , 174 , 185 , 173 , 205 , 218 , 156 , 166 , 134 , 151 , 182 , 202 , 201 , 186 , 220 , 162 , 188 , 158 , 148 , 147 , 193 , 206 , 199 , 185 , 204 , 163 , 153 , 174 , 139 , 139 , 191 , 211 , 225 , 209 , 213 , 207 , 153 , 177 , 155 , 125 , 190 , 204 , 209 , 209 , 219 , 215 , 202 , 182 , 126 , 1 
0 , 0 , 0 , 0 , 0 , 0 , 0 , 0 , 0 , 0 , 1 , 1 , 1 , 1 , 1 , 1 , 1 , 0 , 0 , 0 , 119 , 163 , 204 , 221 , 252 , 17 , 3 , 57 , 59 , 41 , 213 , 234 , 243 , 244 , 234 , 233 , 13 , 4 , 125 , 103 , 225 , 234 , 236 , 225 , 200 , 65 , 36 , 32 , 155 , 128 , 216 , 220 , 221 , 34 , 162 , 147 , 34 , 22 , 15 , 128 , 196 , 198 , 196 , 25 , 41 , 1 , 5 , 1 , 6 , 101 , 177 , 177 , 178 , 38 , 10 , 2 , 0 , 4 , 0 , 67 , 160 , 161 , 159 , 105 , 0 , 0 , 0 , 0 , 0 , 12 , 147 , 146 , 144 , 126 , 97 , 62 , 21 , 9 , 35 , 54 , 0 
192 , 185 , 156 , 169 , 168 , 142 , 137 , 150 , 160 , 138 , 232 , 160 , 163 , 170 , 144 , 145 , 153 , 146 , 132 , 147 , 208 , 165 , 159 , 123 , 169 , 183 , 155 , 156 , 162 , 115 , 189 , 149 , 192 , 144 , 138 , 125 , 176 , 156 , 129 , 134 , 194 , 162 , 139 , 129 , 110 , 144 , 140 , 129 , 157 , 108 , 154 , 167 , 181 , 115 , 174 , 87 , 145 , 126 , 120 , 102 , 182 , 180 , 142 , 87 , 126 , 124 , 178 , 155 , 119 , 126 , 148 , 214 , 164 , 136 , 152 , 152 , 141 , 129 , 110 , 111 , 122 , 158 , 179 , 168 , 155 , 131 , 144 , 154 , 118 , 100 , 117 , 153 , 157 , 150 , 132 , 136 , 115 , 124 , 99 , 107 , 1 
185 , 182 , 183 , 184 , 184 , 189 , 184 , 181 , 185 , 179 , 182 , 178 , 179 , 182 , 185 , 185 , 181 , 183 , 181 , 175 , 181 , 176 , 174 , 123 , 104 , 183 , 180 , 180 , 182 , 180 , 181 , 177 , 68 , 99 , 144 , 168 , 172 , 187 , 194 , 188 , 178 , 173 , 123 , 156 , 163 , 183 , 189 , 204 , 187 , 189 , 173 , 169 , 186 , 175 , 172 , 180 , 183 , 190 , 181 , 180 , 173 , 169 , 153 , 145 , 149 , 157 , 164 , 170 , 166 , 172 , 177 , 171 , 104 , 123 , 92 , 111 , 125 , 105 , 98 , 111 , 173 , 168 , 52 , 17 , 20 , 21 , 19 , 16 , 14 , 14 , 173 , 153 , 13 , 13 , 13 , 16 , 12 , 115 , 99 , 7 , 1 
165 , 187 , 188 , 195 , 173 , 165 , 178 , 202 , 199 , 198 , 164 , 199 , 201 , 186 , 177 , 172 , 178 , 199 , 209 , 209 , 155 , 206 , 204 , 189 , 181 , 177 , 179 , 168 , 199 , 214 , 148 , 198 , 196 , 175 , 167 , 180 , 172 , 141 , 175 , 205 , 116 , 170 , 159 , 159 , 137 , 140 , 140 , 151 , 167 , 176 , 94 , 126 , 81 , 160 , 148 , 112 , 168 , 126 , 175 , 184 , 164 , 204 , 202 , 193 , 169 , 172 , 166 , 193 , 193 , 215 , 191 , 203 , 198 , 173 , 171 , 172 , 172 , 192 , 215 , 211 , 191 , 191 , 190 , 177 , 163 , 169 , 180 , 196 , 207 , 208 , 188 , 189 , 188 , 171 , 166 , 167 , 176 , 188 , 204 , 206 , 1 
179 , 187 , 195 , 171 , 179 , 210 , 177 , 162 , 166 , 161 , 190 , 175 , 167 , 175 , 223 , 195 , 163 , 165 , 174 , 164 , 175 , 151 , 160 , 237 , 178 , 152 , 154 , 163 , 158 , 115 , 159 , 176 , 151 , 163 , 161 , 179 , 153 , 143 , 146 , 158 , 152 , 112 , 159 , 213 , 194 , 134 , 129 , 135 , 149 , 153 , 150 , 149 , 177 , 194 , 130 , 160 , 134 , 142 , 147 , 151 , 155 , 154 , 153 , 148 , 175 , 106 , 130 , 162 , 142 , 158 , 152 , 152 , 145 , 130 , 178 , 130 , 146 , 147 , 136 , 155 , 162 , 178 , 191 , 139 , 154 , 122 , 139 , 140 , 120 , 143 , 184 , 174 , 179 , 148 , 163 , 169 , 131 , 150 , 135 , 146 , 1 
160 , 141 , 143 , 118 , 116 , 128 , 104 , 82 , 66 , 42 , 187 , 167 , 163 , 162 , 149 , 141 , 134 , 101 , 100 , 96 , 182 , 171 , 176 , 171 , 169 , 159 , 154 , 125 , 127 , 97 , 195 , 180 , 164 , 169 , 175 , 158 , 139 , 139 , 135 , 124 , 175 , 164 , 156 , 162 , 123 , 133 , 150 , 139 , 148 , 136 , 168 , 158 , 177 , 123 , 113 , 81 , 105 , 133 , 135 , 139 , 161 , 173 , 161 , 140 , 127 , 75 , 156 , 137 , 136 , 135 , 150 , 142 , 158 , 157 , 89 , 78 , 136 , 140 , 127 , 133 , 162 , 154 , 140 , 137 , 122 , 117 , 126 , 113 , 106 , 114 , 153 , 143 , 123 , 122 , 96 , 87 , 70 , 70 , 67 , 57 , 1 
159 , 166 , 182 , 201 , 189 , 184 , 185 , 193 , 188 , 185 , 167 , 170 , 194 , 209 , 198 , 194 , 187 , 188 , 185 , 189 , 175 , 181 , 194 , 196 , 206 , 203 , 204 , 187 , 179 , 190 , 162 , 182 , 202 , 205 , 204 , 209 , 203 , 211 , 195 , 192 , 175 , 171 , 192 , 198 , 174 , 151 , 180 , 199 , 198 , 170 , 158 , 155 , 184 , 202 , 189 , 144 , 209 , 195 , 201 , 189 , 165 , 151 , 186 , 202 , 212 , 210 , 221 , 220 , 217 , 221 , 174 , 167 , 154 , 168 , 198 , 146 , 206 , 212 , 217 , 213 , 163 , 159 , 165 , 85 , 99 , 143 , 181 , 210 , 208 , 205 , 159 , 165 , 155 , 139 , 102 , 135 , 197 , 203 , 202 , 193 , 1 
157 , 162 , 145 , 154 , 151 , 163 , 169 , 169 , 147 , 167 , 178 , 162 , 155 , 152 , 151 , 166 , 154 , 157 , 169 , 164 , 163 , 157 , 152 , 143 , 147 , 149 , 165 , 186 , 194 , 182 , 179 , 162 , 148 , 131 , 150 , 145 , 160 , 171 , 180 , 184 , 182 , 163 , 131 , 149 , 113 , 179 , 177 , 167 , 189 , 190 , 183 , 158 , 149 , 133 , 125 , 146 , 182 , 195 , 200 , 197 , 182 , 154 , 152 , 163 , 162 , 153 , 181 , 185 , 178 , 197 , 182 , 170 , 144 , 162 , 182 , 166 , 214 , 197 , 191 , 192 , 178 , 159 , 154 , 158 , 192 , 197 , 203 , 188 , 202 , 185 , 180 , 153 , 131 , 168 , 182 , 187 , 180 , 219 , 190 , 179 , 1 
179 , 195 , 184 , 199 , 174 , 186 , 172 , 182 , 196 , 201 , 174 , 172 , 173 , 186 , 170 , 214 , 195 , 195 , 193 , 187 , 178 , 174 , 197 , 183 , 170 , 158 , 177 , 170 , 187 , 219 , 195 , 164 , 177 , 191 , 168 , 118 , 180 , 193 , 185 , 211 , 189 , 153 , 179 , 186 , 150 , 163 , 166 , 183 , 184 , 206 , 196 , 198 , 198 , 189 , 185 , 161 , 178 , 206 , 183 , 194 , 203 , 190 , 179 , 182 , 221 , 199 , 194 , 206 , 192 , 202 , 185 , 176 , 197 , 212 , 207 , 218 , 197 , 197 , 204 , 188 , 206 , 213 , 203 , 184 , 225 , 215 , 201 , 206 , 198 , 211 , 193 , 210 , 212 , 189 , 214 , 205 , 188 , 217 , 203 , 208 , 1 
3 , 190 , 66 , 18 , 106 , 207 , 212 , 213 , 184 , 206 , 143 , 189 , 198 , 229 , 209 , 170 , 228 , 241 , 206 , 144 , 144 , 233 , 217 , 229 , 201 , 207 , 240 , 246 , 207 , 145 , 147 , 236 , 251 , 214 , 189 , 198 , 237 , 221 , 205 , 141 , 138 , 221 , 246 , 212 , 179 , 186 , 228 , 206 , 187 , 132 , 109 , 174 , 182 , 198 , 164 , 173 , 197 , 202 , 185 , 120 , 90 , 160 , 188 , 163 , 132 , 150 , 199 , 174 , 135 , 110 , 80 , 108 , 205 , 150 , 89 , 108 , 186 , 204 , 165 , 94 , 66 , 144 , 187 , 140 , 61 , 60 , 177 , 195 , 159 , 96 , 65 , 90 , 93 , 133 , 31 , 59 , 160 , 186 , 146 , 86 , 1 
208 , 206 , 189 , 168 , 139 , 224 , 241 , 252 , 250 , 243 , 191 , 220 , 188 , 170 , 155 , 213 , 238 , 250 , 250 , 248 , 182 , 195 , 191 , 162 , 186 , 153 , 124 , 226 , 235 , 240 , 30 , 179 , 196 , 121 , 203 , 178 , 170 , 144 , 53 , 58 , 16 , 168 , 180 , 178 , 180 , 193 , 201 , 203 , 93 , 226 , 169 , 174 , 195 , 191 , 200 , 226 , 225 , 78 , 77 , 160 , 217 , 181 , 221 , 244 , 235 , 253 , 60 , 177 , 194 , 221 , 218 , 211 , 240 , 224 , 233 , 27 , 157 , 191 , 212 , 223 , 225 , 213 , 253 , 254 , 24 , 58 , 198 , 202 , 216 , 214 , 94 , 90 , 91 , 90 , 99 , 93 , 93 , 94 , 91 , 93 , 1 
12 , 21 , 195 , 244 , 222 , 227 , 230 , 223 , 228 , 206 , 11 , 32 , 225 , 234 , 235 , 241 , 234 , 233 , 229 , 235 , 12 , 167 , 233 , 229 , 233 , 226 , 241 , 243 , 234 , 245 , 100 , 167 , 224 , 233 , 232 , 227 , 244 , 244 , 219 , 221 , 163 , 206 , 229 , 235 , 214 , 236 , 242 , 246 , 222 , 218 , 150 , 205 , 227 , 234 , 232 , 240 , 234 , 234 , 208 , 224 , 164 , 149 , 169 , 231 , 224 , 229 , 221 , 178 , 167 , 174 , 158 , 133 , 180 , 163 , 198 , 200 , 119 , 149 , 166 , 152 , 157 , 124 , 140 , 114 , 16 , 20 , 13 , 9 , 40 , 81 , 149 , 132 , 55 , 68 , 8 , 6 , 8 , 17 , 37 , 159 , 1 
44 , 51 , 85 , 171 , 175 , 158 , 141 , 45 , 48 , 47 , 56 , 68 , 79 , 181 , 189 , 173 , 120 , 48 , 49 , 50 , 149 , 81 , 114 , 179 , 179 , 167 , 143 , 50 , 49 , 49 , 173 , 191 , 131 , 194 , 198 , 175 , 128 , 163 , 49 , 48 , 163 , 204 , 131 , 193 , 215 , 182 , 151 , 160 , 157 , 46 , 178 , 186 , 149 , 192 , 188 , 184 , 167 , 136 , 47 , 46 , 163 , 157 , 184 , 191 , 199 , 193 , 177 , 143 , 41 , 43 , 143 , 157 , 173 , 182 , 190 , 186 , 185 , 109 , 39 , 40 , 120 , 163 , 161 , 173 , 173 , 176 , 161 , 124 , 36 , 38 , 96 , 151 , 137 , 139 , 145 , 146 , 148 , 123 , 31 , 35 , 1 
164 , 165 , 163 , 176 , 179 , 177 , 182 , 183 , 186 , 180 , 173 , 169 , 172 , 166 , 153 , 159 , 157 , 178 , 179 , 181 , 164 , 162 , 160 , 94 , 70 , 74 , 95 , 169 , 179 , 174 , 170 , 168 , 146 , 62 , 70 , 72 , 72 , 92 , 168 , 181 , 175 , 165 , 108 , 77 , 81 , 101 , 199 , 92 , 158 , 173 , 179 , 170 , 105 , 101 , 83 , 114 , 140 , 108 , 163 , 184 , 177 , 165 , 151 , 70 , 102 , 109 , 84 , 120 , 168 , 185 , 179 , 176 , 160 , 95 , 90 , 86 , 90 , 154 , 181 , 183 , 180 , 171 , 165 , 166 , 120 , 120 , 162 , 183 , 185 , 183 , 170 , 176 , 173 , 177 , 181 , 166 , 181 , 189 , 183 , 175 , 1 
75 , 75 , 86 , 85 , 86 , 94 , 105 , 110 , 109 , 102 , 130 , 138 , 139 , 142 , 138 , 138 , 142 , 145 , 146 , 138 , 154 , 166 , 172 , 172 , 167 , 170 , 169 , 169 , 168 , 157 , 175 , 186 , 190 , 193 , 183 , 186 , 186 , 184 , 179 , 171 , 194 , 199 , 200 , 202 , 171 , 177 , 193 , 191 , 184 , 176 , 193 , 197 , 198 , 201 , 128 , 181 , 194 , 189 , 185 , 175 , 182 , 184 , 190 , 195 , 171 , 178 , 191 , 187 , 181 , 171 , 166 , 172 , 173 , 183 , 182 , 184 , 182 , 181 , 174 , 167 , 143 , 144 , 134 , 165 , 173 , 173 , 171 , 168 , 158 , 148 , 103 , 112 , 124 , 145 , 154 , 155 , 155 , 148 , 137 , 122 , 1 
151 , 148 , 146 , 145 , 140 , 143 , 142 , 140 , 137 , 135 , 148 , 146 , 144 , 142 , 139 , 138 , 137 , 134 , 134 , 131 , 146 , 143 , 139 , 137 , 137 , 135 , 134 , 131 , 129 , 128 , 144 , 140 , 136 , 135 , 134 , 134 , 147 , 164 , 173 , 178 , 140 , 185 , 195 , 189 , 152 , 157 , 137 , 161 , 181 , 185 , 136 , 135 , 129 , 145 , 161 , 153 , 137 , 132 , 143 , 135 , 132 , 99 , 62 , 67 , 79 , 75 , 70 , 66 , 67 , 60 , 123 , 124 , 125 , 124 , 117 , 122 , 123 , 124 , 127 , 106 , 120 , 120 , 124 , 122 , 119 , 118 , 119 , 121 , 125 , 67 , 112 , 117 , 121 , 120 , 118 , 116 , 118 , 119 , 123 , 71 , 1 
214 , 215 , 222 , 228 , 197 , 210 , 210 , 210 , 190 , 176 , 217 , 217 , 213 , 231 , 223 , 99 , 210 , 228 , 224 , 193 , 217 , 240 , 141 , 212 , 219 , 176 , 85 , 235 , 186 , 208 , 217 , 229 , 220 , 129 , 229 , 156 , 90 , 215 , 218 , 177 , 239 , 168 , 216 , 238 , 222 , 111 , 202 , 228 , 207 , 143 , 226 , 194 , 215 , 168 , 210 , 153 , 199 , 226 , 167 , 182 , 226 , 173 , 198 , 238 , 200 , 157 , 185 , 140 , 163 , 157 , 222 , 223 , 158 , 239 , 235 , 225 , 151 , 133 , 167 , 108 , 226 , 227 , 204 , 227 , 240 , 242 , 232 , 174 , 165 , 148 , 232 , 232 , 229 , 203 , 238 , 237 , 153 , 238 , 236 , 235 , 1 
255 , 255 , 255 , 255 , 255 , 255 , 255 , 255 , 255 , 255 , 255 , 255 , 255 , 255 , 255 , 255 , 255 , 255 , 255 , 255 , 102 , 174 , 210 , 255 , 23 , 24 , 255 , 255 , 255 , 255 , 255 , 214 , 167 , 255 , 255 , 255 , 255 , 255 , 23 , 251 , 255 , 181 , 165 , 28 , 255 , 255 , 255 , 255 , 255 , 255 , 255 , 255 , 155 , 212 , 127 , 193 , 213 , 206 , 184 , 255 , 255 , 255 , 162 , 161 , 202 , 156 , 130 , 72 , 63 , 255 , 255 , 236 , 255 , 255 , 2 , 148 , 152 , 136 , 127 , 255 , 255 , 255 , 255 , 255 , 252 , 255 , 255 , 255 , 255 , 255 , 255 , 255 , 255 , 255 , 255 , 255 , 255 , 255 , 255 , 255 , 0 
255 , 255 , 255 , 255 , 255 , 214 , 159 , 49 , 28 , 44 , 255 , 255 , 255 , 255 , 255 , 205 , 218 , 62 , 71 , 51 , 255 , 255 , 255 , 255 , 255 , 90 , 224 , 151 , 49 , 56 , 255 , 255 , 255 , 255 , 213 , 212 , 210 , 201 , 133 , 20 , 255 , 255 , 255 , 254 , 191 , 195 , 192 , 204 , 192 , 16 , 255 , 255 , 254 , 255 , 179 , 176 , 200 , 197 , 165 , 66 , 255 , 255 , 255 , 255 , 151 , 178 , 172 , 185 , 169 , 57 , 255 , 254 , 254 , 255 , 182 , 179 , 215 , 147 , 192 , 140 , 255 , 255 , 255 , 255 , 254 , 177 , 207 , 154 , 196 , 188 , 255 , 254 , 254 , 255 , 255 , 255 , 223 , 159 , 190 , 201 , 0 
255 , 255 , 255 , 255 , 255 , 140 , 255 , 255 , 255 , 255 , 255 , 255 , 255 , 255 , 255 , 187 , 255 , 255 , 255 , 255 , 255 , 255 , 255 , 249 , 56 , 184 , 222 , 255 , 255 , 255 , 255 , 255 , 255 , 169 , 49 , 46 , 156 , 255 , 255 , 255 , 255 , 255 , 253 , 255 , 53 , 43 , 202 , 255 , 255 , 255 , 255 , 255 , 255 , 226 , 46 , 40 , 207 , 255 , 255 , 255 , 255 , 255 , 255 , 255 , 44 , 48 , 184 , 255 , 255 , 255 , 255 , 255 , 255 , 255 , 40 , 54 , 254 , 255 , 255 , 255 , 255 , 255 , 255 , 255 , 37 , 255 , 255 , 255 , 255 , 255 , 255 , 255 , 255 , 255 , 139 , 255 , 180 , 255 , 255 , 255 , 0 
255 , 255 , 199 , 183 , 181 , 192 , 203 , 212 , 255 , 255 , 255 , 255 , 178 , 161 , 169 , 171 , 175 , 200 , 253 , 255 , 255 , 255 , 152 , 161 , 163 , 148 , 166 , 178 , 229 , 255 , 255 , 255 , 134 , 156 , 148 , 141 , 162 , 127 , 247 , 255 , 255 , 253 , 118 , 148 , 154 , 141 , 174 , 143 , 253 , 255 , 255 , 220 , 81 , 142 , 164 , 147 , 227 , 150 , 253 , 255 , 255 , 255 , 134 , 144 , 171 , 181 , 217 , 169 , 215 , 255 , 255 , 255 , 255 , 147 , 160 , 156 , 199 , 254 , 229 , 255 , 255 , 255 , 254 , 150 , 160 , 170 , 235 , 242 , 255 , 255 , 255 , 255 , 52 , 117 , 231 , 237 , 230 , 239 , 254 , 255 , 0 
248 , 234 , 149 , 255 , 39 , 34 , 50 , 74 , 67 , 76 , 252 , 226 , 138 , 244 , 34 , 159 , 214 , 211 , 188 , 215 , 252 , 199 , 148 , 228 , 161 , 174 , 203 , 165 , 212 , 216 , 253 , 232 , 167 , 216 , 150 , 157 , 145 , 98 , 171 , 178 , 253 , 229 , 186 , 207 , 144 , 132 , 159 , 104 , 166 , 147 , 253 , 228 , 152 , 209 , 141 , 122 , 163 , 83 , 75 , 173 , 253 , 228 , 133 , 206 , 125 , 136 , 97 , 54 , 200 , 210 , 253 , 231 , 211 , 164 , 169 , 202 , 179 , 175 , 208 , 211 , 253 , 234 , 218 , 130 , 137 , 207 , 226 , 162 , 199 , 208 , 253 , 242 , 225 , 120 , 101 , 125 , 200 , 164 , 189 , 206 , 0 
186 , 208 , 209 , 209 , 56 , 33 , 226 , 236 , 224 , 201 , 203 , 218 , 217 , 218 , 187 , 68 , 237 , 241 , 235 , 211 , 211 , 224 , 224 , 108 , 188 , 190 , 134 , 222 , 238 , 219 , 218 , 226 , 101 , 140 , 197 , 178 , 166 , 119 , 236 , 223 , 221 , 227 , 80 , 56 , 117 , 175 , 142 , 54 , 115 , 222 , 223 , 108 , 69 , 238 , 130 , 132 , 94 , 238 , 76 , 61 , 221 , 225 , 56 , 238 , 107 , 104 , 76 , 234 , 66 , 215 , 219 , 233 , 233 , 83 , 71 , 106 , 150 , 19 , 232 , 219 , 210 , 229 , 233 , 235 , 79 , 85 , 9 , 236 , 230 , 213 , 196 , 221 , 229 , 231 , 11 , 14 , 29 , 232 , 217 , 202 , 0 
219 , 224 , 182 , 185 , 200 , 197 , 210 , 214 , 234 , 233 , 218 , 189 , 133 , 197 , 198 , 185 , 207 , 189 , 228 , 233 , 223 , 202 , 227 , 174 , 196 , 192 , 174 , 244 , 184 , 232 , 164 , 203 , 226 , 154 , 194 , 191 , 184 , 233 , 187 , 189 , 219 , 143 , 202 , 128 , 192 , 192 , 233 , 182 , 236 , 232 , 218 , 224 , 225 , 190 , 194 , 196 , 187 , 232 , 232 , 230 , 219 , 224 , 225 , 126 , 190 , 170 , 202 , 230 , 230 , 229 , 218 , 222 , 224 , 220 , 238 , 236 , 238 , 229 , 229 , 229 , 218 , 220 , 211 , 222 , 229 , 232 , 237 , 228 , 228 , 228 , 217 , 218 , 215 , 218 , 229 , 229 , 234 , 231 , 233 , 229 , 0 
186 , 155 , 235 , 210 , 214 , 199 , 204 , 181 , 144 , 122 , 182 , 216 , 238 , 215 , 180 , 233 , 214 , 195 , 145 , 105 , 178 , 105 , 235 , 212 , 163 , 232 , 222 , 205 , 188 , 107 , 193 , 114 , 235 , 201 , 155 , 228 , 226 , 196 , 74 , 119 , 188 , 105 , 83 , 188 , 141 , 216 , 210 , 155 , 73 , 140 , 218 , 84 , 82 , 99 , 110 , 176 , 135 , 74 , 60 , 150 , 218 , 69 , 85 , 54 , 86 , 54 , 80 , 71 , 48 , 141 , 217 , 151 , 54 , 50 , 88 , 85 , 58 , 40 , 108 , 139 , 222 , 141 , 218 , 208 , 176 , 179 , 165 , 148 , 88 , 147 , 216 , 78 , 229 , 199 , 178 , 164 , 132 , 161 , 135 , 142 , 0 
255 , 255 , 255 , 255 , 218 , 189 , 255 , 255 , 255 , 255 , 255 , 255 , 255 , 255 , 170 , 166 , 255 , 255 , 255 , 255 , 255 , 255 , 255 , 255 , 187 , 205 , 255 , 255 , 255 , 255 , 255 , 255 , 255 , 255 , 177 , 203 , 255 , 255 , 255 , 255 , 255 , 255 , 254 , 224 , 237 , 224 , 217 , 196 , 255 , 255 , 255 , 255 , 251 , 111 , 239 , 227 , 112 , 153 , 255 , 255 , 255 , 255 , 254 , 236 , 243 , 236 , 229 , 141 , 255 , 255 , 255 , 255 , 250 , 228 , 244 , 241 , 252 , 165 , 255 , 255 , 255 , 255 , 150 , 231 , 223 , 206 , 228 , 140 , 255 , 255 , 255 , 255 , 164 , 248 , 222 , 244 , 68 , 254 , 255 , 255 , 0 
255 , 255 , 255 , 255 , 255 , 255 , 250 , 255 , 255 , 255 , 255 , 255 , 255 , 255 , 255 , 255 , 165 , 254 , 255 , 255 , 255 , 255 , 255 , 255 , 255 , 255 , 215 , 254 , 255 , 255 , 255 , 255 , 255 , 255 , 255 , 255 , 251 , 219 , 221 , 255 , 255 , 255 , 255 , 255 , 255 , 255 , 245 , 218 , 57 , 251 , 255 , 255 , 255 , 255 , 255 , 255 , 183 , 225 , 218 , 187 , 255 , 255 , 255 , 255 , 255 , 255 , 175 , 150 , 146 , 168 , 255 , 255 , 255 , 255 , 255 , 255 , 254 , 144 , 119 , 166 , 255 , 255 , 255 , 255 , 255 , 255 , 255 , 255 , 245 , 137 , 255 , 255 , 255 , 255 , 255 , 255 , 255 , 255 , 255 , 254 , 0 
191 , 203 , 211 , 183 , 220 , 217 , 208 , 195 , 171 , 147 , 202 , 161 , 207 , 211 , 188 , 229 , 223 , 208 , 187 , 159 , 208 , 168 , 210 , 218 , 217 , 192 , 233 , 219 , 198 , 171 , 214 , 143 , 199 , 196 , 209 , 151 , 238 , 228 , 207 , 180 , 215 , 88 , 190 , 186 , 189 , 186 , 242 , 231 , 211 , 183 , 215 , 24 , 181 , 165 , 183 , 189 , 242 , 232 , 211 , 182 , 213 , 164 , 167 , 177 , 168 , 173 , 201 , 190 , 174 , 156 , 205 , 197 , 162 , 187 , 141 , 144 , 238 , 226 , 202 , 173 , 195 , 248 , 182 , 186 , 206 , 181 , 232 , 217 , 190 , 161 , 184 , 102 , 197 , 191 , 204 , 162 , 221 , 200 , 176 , 148 , 0 
193 , 194 , 195 , 193 , 184 , 191 , 169 , 158 , 146 , 133 , 196 , 199 , 200 , 197 , 60 , 179 , 180 , 165 , 153 , 140 , 199 , 203 , 205 , 198 , 61 , 109 , 200 , 174 , 162 , 149 , 203 , 207 , 208 , 208 , 80 , 149 , 190 , 183 , 172 , 160 , 205 , 208 , 88 , 113 , 175 , 113 , 191 , 158 , 179 , 167 , 205 , 65 , 85 , 118 , 176 , 88 , 162 , 195 , 177 , 174 , 203 , 29 , 63 , 64 , 93 , 49 , 127 , 162 , 174 , 177 , 201 , 43 , 22 , 39 , 99 , 62 , 78 , 73 , 151 , 181 , 199 , 33 , 1 , 29 , 116 , 60 , 102 , 5 , 128 , 185 , 196 , 196 , 2 , 43 , 134 , 74 , 153 , 32 , 67 , 190 , 0 
255 , 255 , 255 , 255 , 255 , 255 , 255 , 255 , 255 , 255 , 255 , 255 , 255 , 255 , 240 , 93 , 255 , 255 , 255 , 255 , 255 , 255 , 140 , 101 , 173 , 121 , 250 , 95 , 253 , 255 , 254 , 46 , 254 , 153 , 185 , 255 , 186 , 254 , 255 , 255 , 255 , 179 , 190 , 192 , 188 , 255 , 195 , 180 , 112 , 255 , 255 , 255 , 182 , 200 , 195 , 195 , 147 , 175 , 241 , 254 , 255 , 255 , 163 , 183 , 204 , 199 , 188 , 185 , 255 , 255 , 255 , 255 , 254 , 191 , 190 , 201 , 166 , 252 , 255 , 255 , 255 , 255 , 255 , 137 , 157 , 144 , 255 , 255 , 255 , 255 , 255 , 255 , 255 , 248 , 168 , 144 , 244 , 255 , 255 , 255 , 0 
128 , 165 , 193 , 193 , 232 , 236 , 180 , 90 , 218 , 215 , 134 , 171 , 197 , 224 , 211 , 222 , 175 , 183 , 225 , 223 , 141 , 178 , 198 , 215 , 191 , 164 , 166 , 223 , 226 , 228 , 145 , 181 , 193 , 216 , 176 , 146 , 229 , 172 , 228 , 229 , 147 , 182 , 200 , 215 , 66 , 86 , 226 , 68 , 228 , 230 , 147 , 183 , 203 , 217 , 95 , 159 , 86 , 231 , 229 , 230 , 146 , 182 , 199 , 206 , 163 , 140 , 191 , 229 , 229 , 2185 , 120 , 90 , 160 , 188 , 163 , 132 , 150 , 199 , 174 , 135 , 110 , 80 , 108 , 205 , 150 , 89 , 108 , 186 , 204 , 165 , 94 , 66 , 144 , 187 , 140 , 61 , 60 , 177 , 195 , 159 , 96 , 65 , 90 , 93 , 133 , 31 , 59 , 160 , 186 , 146 , 86 , 1 
208 , 206 , 189 , 168 , 139 , 224 , 241 , 252 , 250 , 243 , 191 , 220 , 188 , 170 , 155 , 213 , 238 , 250 , 250 , 248 , 182 , 195 , 191 , 162 , 186 , 153 , 124 , 226 , 235 , 240 , 30 , 179 , 196 , 121 , 203 , 178 , 170 , 144 , 53 , 58 , 16 , 168 , 180 , 178 , 180 , 193 , 201 , 203 , 93 , 226 , 169 , 174 , 195 , 191 , 200 , 226 , 225 , 78 , 77 , 160 , 217 , 181 , 221 , 244 , 235 , 253 , 60 , 177 , 194 , 221 , 218 , 211 , 240 , 224 , 233 , 27 , 157 , 191 , 212 , 223 , 225 , 213 , 253 , 254 , 24 , 58 , 198 , 202 , 216 , 214 , 94 , 90 , 91 , 90 , 99 , 93 , 93 , 94 , 91 , 93 , 1 
12 , 21 , 195 , 244 , 222 , 227 , 230 , 223 , 228 , 206 , 11 , 32 , 225 , 234 , 235 , 241 , 234 , 233 , 229 , 235 , 12 , 167 , 233 , 229 , 233 , 226 , 241 , 243 , 234 , 245 , 100 , 167 , 224 , 233 , 232 , 227 , 244 , 244 , 219 , 221 , 163 , 206 , 229 , 235 , 214 , 236 , 242 , 246 , 222 , 218 , 150 , 205 , 227 , 234 , 232 , 240 , 234 , 234 , 208 , 224 , 164 , 149 , 169 , 231 , 224 , 229 , 221 , 178 , 167 , 174 , 158 , 133 , 180 , 163 , 198 , 200 , 119 , 149 , 166 , 152 , 157 , 124 , 140 , 114 , 16 , 20 , 13 , 9 , 40 , 81 , 149 , 132 , 55 , 68 , 8 , 6 , 8 , 17 , 37 , 159 , 1 
44 , 51 , 85 , 171 , 175 , 158 , 141 , 45 , 48 , 47 , 56 , 68 , 79 , 181 , 189 , 173 , 120 , 48 , 49 , 50 , 149 , 81 , 114 , 179 , 179 , 167 , 143 , 50 , 49 , 49 , 173 , 191 , 131 , 194 , 198 , 175 , 128 , 163 , 49 , 48 , 163 , 204 , 131 , 193 , 215 , 182 , 151 , 160 , 157 , 46 , 178 , 186 , 149 , 192 , 188 , 184 , 167 , 136 , 47 , 46 , 163 , 157 , 184 , 191 , 199 , 193 , 177 , 143 , 41 , 43 , 143 , 157 , 173 , 182 , 190 , 186 , 185 , 109 , 39 , 40 , 120 , 163 , 161 , 173 , 173 , 176 , 161 , 124 , 36 , 38 , 96 , 151 , 137 , 139 , 145 , 146 , 148 , 123 , 31 , 35 , 1 
164 , 165 , 163 , 176 , 179 , 177 , 182 , 183 , 186 , 180 , 173 , 169 , 172 , 166 , 153 , 159 , 157 , 178 , 179 , 181 , 164 , 162 , 160 , 94 , 70 , 74 , 95 , 169 , 179 , 174 , 170 , 168 , 146 , 62 , 70 , 72 , 72 , 92 , 168 , 181 , 175 , 165 , 108 , 77 , 81 , 101 , 199 , 92 , 158 , 173 , 179 , 170 , 105 , 101 , 83 , 114 , 140 , 108 , 163 , 184 , 177 , 165 , 151 , 70 , 102 , 109 , 84 , 120 , 168 , 185 , 179 , 176 , 160 , 95 , 90 , 86 , 90 , 154 , 181 , 183 , 180 , 171 , 165 , 166 , 120 , 120 , 162 , 183 , 185 , 183 , 170 , 176 , 173 , 177 , 181 , 166 , 181 , 189 , 183 , 175 , 1 
75 , 75 , 86 , 85 , 86 , 94 , 105 , 110 , 109 , 102 , 130 , 138 , 139 , 142 , 138 , 138 , 142 , 145 , 146 , 138 , 154 , 166 , 172 , 172 , 167 , 170 , 169 , 169 , 168 , 157 , 175 , 186 , 190 , 193 , 183 , 186 , 186 , 184 , 179 , 171 , 194 , 199 , 200 , 202 , 171 , 177 , 193 , 191 , 184 , 176 , 193 , 197 , 198 , 201 , 128 , 181 , 194 , 189 , 185 , 175 , 182 , 184 , 190 , 195 , 171 , 178 , 191 , 187 , 181 , 171 , 166 , 172 , 173 , 183 , 182 , 184 , 182 , 181 , 174 , 167 , 143 , 144 , 134 , 165 , 173 , 173 , 171 , 168 , 158 , 148 , 103 , 112 , 124 , 145 , 154 , 155 , 155 , 148 , 137 , 122 , 1 
151 , 148 , 146 , 145 , 140 , 143 , 142 , 140 , 137 , 135 , 148 , 146 , 144 , 142 , 139 , 138 , 137 , 134 , 134 , 131 , 146 , 143 , 139 , 137 , 137 , 135 , 134 , 131 , 129 , 128 , 144 , 140 , 136 , 135 , 134 , 134 , 147 , 164 , 173 , 178 , 140 , 185 , 195 , 189 , 152 , 157 , 137 , 161 , 181 , 185 , 136 , 135 , 129 , 145 , 161 , 153 , 137 , 132 , 143 , 135 , 132 , 99 , 62 , 67 , 79 , 75 , 70 , 66 , 67 , 60 , 123 , 124 , 125 , 124 , 117 , 122 , 123 , 124 , 127 , 106 , 120 , 120 , 124 , 122 , 119 , 118 , 119 , 121 , 125 , 67 , 112 , 117 , 121 , 120 , 118 , 116 , 118 , 119 , 123 , 71 , 1 
214 , 215 , 222 , 228 , 197 , 210 , 210 , 210 , 190 , 176 , 217 , 217 , 213 , 231 , 223 , 99 , 210 , 228 , 224 , 193 , 217 , 240 , 141 , 212 , 219 , 176 , 85 , 235 , 186 , 208 , 217 , 229 , 220 , 129 , 229 , 156 , 90 , 215 , 218 , 177 , 239 , 168 , 216 , 238 , 222 , 111 , 202 , 228 , 207 , 143 , 226 , 194 , 215 , 168 , 210 , 153 , 199 , 226 , 167 , 182 , 226 , 173 , 198 , 238 , 200 , 157 , 185 , 140 , 163 , 157 , 222 , 223 , 158 , 239 , 235 , 225 , 151 , 133 , 167 , 108 , 226 , 227 , 204 , 227 , 240 , 242 , 232 , 174 , 165 , 148 , 232 , 232 , 229 , 203 , 238 , 237 , 153 , 238 , 236 , 235 , 1 
